"name","team_name","group","appearances","goals","assists","minutes","total_contributions","contributions_per_90","efficiency_score"
"Dayne St. Clair","Canada","B","16","0","0","1440","0","0.0","0.0"
"Maxime Cr?peau","Canada","B","14","0","0","1186","0","0.0","0.0"
"Owen Goodman","Canada","B","34","0","0","3006","0","0.0","0.0"
"Derek Cornelius","Canada","B","21","2","1","1419","3","0.19","0.14"
"Joel Waterman","Canada","B","16","0","0","1009","0","0.0","0.0"
"Kamal Miller","Canada","B","10","0","0","575","0","0.0","0.0"
"Luc De Fougerolles","Canada","B","33","0","2","2092","2","0.09","0.06"
"Jahkeele Marshall-Rutty","Canada","B","15","0","0","1031","0","0.0","0.0"
"Richie Laryea","Canada","B","18","2","1","1597","3","0.17","0.17"
"Niko Sigur","Canada","B","43","2","4","3148","6","0.17","0.14"
"Ralph Priso","Canada","B","11","0","0","775","0","0.0","0.0"
"Isma?l Kon?","Canada","B","41","7","0","3247","7","0.19","0.17"
"Nathan-Dylan Saliba","Canada","B","48","4","2","3078","6","0.18","0.13"
"Jonathan Osorio","Canada","B","17","0","2","1182","2","0.15","0.12"
"Mathieu Choini?re","Canada","B","25","2","3","1331","5","0.34","0.2"
"Ali Ahmed","Canada","B","28","5","4","1801","9","0.45","0.32"
"Marcelo Flores","Canada","B","25","4","1","1220","5","0.37","0.2"
"Liam Millar","Canada","B","40","3","5","2192","8","0.33","0.2"
"Junior Hoilett","Canada","B","41","4","3","1482","7","0.43","0.17"
"Tajon Buchanan","Canada","B","47","7","1","2720","8","0.26","0.17"
"Jonathan David","Canada","B","52","11","5","2941","16","0.49","0.31"
"Tani Oluwaseyi","Canada","B","42","7","3","1851","10","0.49","0.24"
"Daniel Jebbison","Canada","B","42","6","2","2198","8","0.33","0.19"
"Cyle Larin","Canada","B","38","10","2","1646","12","0.66","0.32"
"Jacen Russell-Rowe","Canada","B","16","2","0","545","2","0.33","0.12"
"Aribim Pepple","Canada","B","0","0","0","0","0","0.0","0.0"
"Ra?l Rangel","Mexico","A","42","0","0","3780","0","0.0","0.0"
"Carlos Acevedo","Mexico","A","32","0","0","2860","0","0.0","0.0"
"Israel Reyes","Mexico","A","45","0","2","3772","2","0.05","0.05"
"Jes?s Gallardo","Mexico","A","48","9","6","3835","15","0.35","0.31"
"?rik Lira","Mexico","A","55","1","0","4356","1","0.02","0.02"
"Luis Romo","Mexico","A","31","1","2","2563","3","0.11","0.1"
"Gilberto Mora","Mexico","A","21","5","1","1439","6","0.38","0.29"
"Brian Guti?rrez","Mexico","A","21","3","2","1146","5","0.39","0.24"
"Alexis Vega","Mexico","A","30","4","11","1775","15","0.76","0.5"
"Roberto Alvarado","Mexico","A","37","4","5","2707","9","0.3","0.24"
"Armando Gonz?lez","Mexico","A","40","25","3","2597","28","0.97","0.7"
"Guillermo Mart?nez","Mexico","A","29","9","0","1409","9","0.57","0.31"
"Patrick Schulte","USA","D","11","0","0","990","0","0.0","0.0"
"Matt Turner","USA","D","11","0","0","990","0","0.0","0.0"
"Chris Brady","USA","D","12","0","0","1080","0","0.0","0.0"
"Matt Freese","USA","D","19","0","0","1710","0","0.0","0.0"
"Chris Richards","USA","D","52","2","0","4400","2","0.04","0.04"
"Auston Trusty","USA","D","39","2","2","3393","4","0.11","0.11"
"Mark McKenzie","USA","D","37","0","2","2963","2","0.06","0.05"
"Miles Robinson","USA","D","12","0","0","923","0","0.0","0.0"
"Tim Ream","USA","D","13","0","0","1108","0","0.0","0.0"
"Antonee Robinson","USA","D","25","0","2","1625","2","0.11","0.08"
"Joe Scally","USA","D","37","2","3","2766","5","0.16","0.13"
"Alex Freeman","USA","D","16","2","0","703","2","0.26","0.13"
"Tanner Tessmann","USA","D","47","3","0","2890","3","0.09","0.06"
"Weston McKennie","USA","D","49","10","8","3909","18","0.41","0.36"
"Johnny Cardoso","USA","D","31","1","0","1760","1","0.05","0.03"
"Aidan Morris","USA","D","48","0","3","3682","3","0.07","0.06"
"Sebastian Berhalter","USA","D","19","5","5","1404","10","0.64","0.53"
"Cristian Rold?n","USA","D","20","3","5","1358","8","0.53","0.4"
"Timothy Weah","USA","D","45","3","4","3381","7","0.19","0.16"
"Malik Tillman","USA","D","43","8","2","2476","10","0.36","0.23"
"Brenden Aaronson","USA","D","43","4","5","2668","9","0.3","0.21"
"Giovanni Reyna","USA","D","22","1","2","657","3","0.41","0.14"
"Max Arfsten","USA","D","19","3","7","1384","10","0.65","0.53"
"Christian Pulisic","USA","D","38","10","4","2067","14","0.61","0.37"
"Folarin Balogun","USA","D","49","22","5","3500","27","0.69","0.55"
"Ricardo Pepi","USA","D","34","17","3","1564","20","1.15","0.59"
"Patrick Agyemang","USA","D","40","11","4","2842","15","0.48","0.38"
"Mathew Ryan","Australia","D","36","0","0","3240","0","0.0","0.0"
"Patrick Beach","Australia","D","39","0","0","3570","0","0.0","0.0"
"Paul Izzo","Australia","D","30","0","0","2696","0","0.0","0.0"
"Alessandro Circati","Australia","D","36","2","1","3054","3","0.09","0.08"
"Cameron Burgess","Australia","D","59","2","0","5076","2","0.04","0.04"
"Lucas Herrington","Australia","D","26","2","1","2265","3","0.12","0.12"
"Kye Rowles","Australia","D","15","1","0","1294","1","0.07","0.07"
"Milos Degenek","Australia","D","30","2","0","2239","2","0.08","0.07"
"Jordan Bos","Australia","D","40","7","12","2738","19","0.62","0.47"
"Aziz Behich","Australia","D","35","3","3","3177","6","0.17","0.17"
"Jacob Italiano","Australia","D","27","4","2","2293","6","0.24","0.23"
"Jason Geria","Australia","D","15","1","1","1227","2","0.15","0.14"
"Aiden O'Neill","Australia","D","20","0","1","1646","1","0.05","0.05"
"Kai Trewin","Australia","D","36","1","0","3002","1","0.03","0.03"
"Paul Okon-Engstler","Australia","D","30","0","2","2365","2","0.08","0.07"
"Patrick Yazbek","Australia","D","22","1","3","1255","4","0.29","0.18"
"Riley McGree","Australia","D","30","5","4","1748","9","0.46","0.3"
"Connor Metcalfe","Australia","D","35","0","3","1111","3","0.24","0.08"
"Alex Robertson","Australia","D","38","6","3","2266","9","0.36","0.24"
"Ajdin Hrustic","Australia","D","35","4","7","2700","11","0.37","0.32"
"Nishan Velupillay","Australia","D","23","4","2","1513","6","0.36","0.26"
"Awer Mabil","Australia","D","32","4","6","1885","10","0.48","0.31"
"Nestory Irankunda","Australia","D","50","8","5","2591","13","0.45","0.26"
"Ante Suto","Australia","D","31","8","7","1720","15","0.78","0.48"
"Deni Juri?","Australia","D","28","12","2","1885","14","0.67","0.5"
"Martin Boyle","Australia","D","50","10","3","2757","13","0.42","0.26"
"Ahmed Basil Fadhil","Iraq","I","34","0","0","3001","0","0.0","0.0"
"Fahad Talib","Iraq","I","25","0","0","2250","0","0.0","0.0"
"Kumel Al-Rekabe","Iraq","I","26","0","1","2269","1","0.04","0.04"
"Zaid Tahseen","Iraq","I","10","0","1","746","1","0.12","0.1"
"Akam Hashem","Iraq","I","30","2","0","2408","2","0.07","0.06"
"Maytham Jabbar","Iraq","I","31","0","1","2403","1","0.04","0.03"
"Manaf Younis","Iraq","I","32","0","0","2475","0","0.0","0.0"
"Frans Dhia Putros","Iraq","I","35","2","2","2657","4","0.14","0.12"
"Rebin Sulaka","Iraq","I","27","0","1","2109","1","0.04","0.03"
"Merchas Doski","Iraq","I","43","1","4","2803","5","0.16","0.12"
"Ahmed Hasan","Iraq","I","20","4","5","1607","9","0.5","0.45"
"Hussein Ali","Iraq","I","14","1","0","560","1","0.16","0.07"
"Amir Al-Ammari","Iraq","I","34","0","5","2523","5","0.18","0.15"
"Zaid Ismail","Iraq","I","28","4","3","2382","7","0.26","0.25"
"Zidane Iqbal","Iraq","I","18","0","1","864","1","0.1","0.05"
"Aimar Sher","Iraq","I","11","1","1","873","2","0.21","0.18"
"Kevin Yakob","Iraq","I","35","3","3","1904","6","0.28","0.17"
"Ibrahim Bayesh","Iraq","I","23","1","2","1817","3","0.15","0.13"
"Karar Nabeel","Iraq","I","27","0","3","1773","3","0.15","0.11"
"Marko Farji","Iraq","I","6","0","1","256","1","0.35","0.17"
"Youssef Amyn","Iraq","I","20","2","2","880","4","0.41","0.2"
"Ali Jasim","Iraq","I","28","7","1","1921","8","0.37","0.28"
"Hasan Abdulkareem","Iraq","I","34","12","6","2567","18","0.63","0.53"
"Peter Gwargis","Iraq","I","27","14","4","2316","18","0.7","0.67"
"Ali Al-Hamadi","Iraq","I","17","2","1","609","3","0.44","0.18"
"Mohanad Ali","Iraq","I","22","10","1","1475","11","0.67","0.5"
"Aymen Hussein","Iraq","I","19","10","1","1076","11","0.92","0.58"
"Ali Yousif","Iraq","I","16","2","1","517","3","0.52","0.19"
"Payam Niazmand","IR Iran","G","24","0","0","2145","0","0.0","0.0"
"Alireza Beiranvand","IR Iran","G","33","0","0","2962","0","0.0","0.0"
"Mohammad Khalifeh","IR Iran","G","33","0","0","2955","0","0.0","0.0"
"Seyed Hossein Hosseini","IR Iran","G","24","0","0","2145","0","0.0","0.0"
"Hossein Kanaani","IR Iran","G","20","2","0","1647","2","0.11","0.1"
"Danial Eiri","IR Iran","G","32","0","0","2664","0","0.0","0.0"
"Aref Aghasi","IR Iran","G","7","0","0","507","0","0.0","0.0"
"Ali Nemati","IR Iran","G","27","0","0","2280","0","0.0","0.0"
"Hossein Abarghouei","IR Iran","G","20","0","1","1645","1","0.05","0.05"
"Masoud Mohebi","IR Iran","G","28","2","1","1995","3","0.14","0.11"
"Shoja Khalilzadeh","IR Iran","G","38","1","1","3437","2","0.05","0.05"
"Milad Mohammadi","IR Iran","G","26","0","3","1856","3","0.15","0.12"
"Ehsan Hajsafi","IR Iran","G","32","3","6","2677","9","0.3","0.28"
"Arya Yousefi","IR Iran","G","30","2","3","2633","5","0.17","0.17"
"Saleh Hardani","IR Iran","G","28","0","3","2302","3","0.12","0.11"
"Danial Esmaeilifar","IR Iran","G","38","3","5","3142","8","0.23","0.21"
"Ramin Rezaeian","IR Iran","G","21","2","6","1476","8","0.49","0.38"
"Aref Hajieydi","IR Iran","G","27","0","0","1997","0","0.0","0.0"
"Roozbeh Cheshmi","IR Iran","G","20","3","0","1495","3","0.18","0.15"
"Omid Noorafkan","IR Iran","G","33","0","1","1629","1","0.06","0.03"
"Amirmohammad Razzaghinia","IR Iran","G","39","2","0","2615","2","0.07","0.05"
"Hadi Habibinejad","IR Iran","G","18","6","3","1111","9","0.73","0.5"
"Mehdi Torabi","IR Iran","G","26","2","5","1673","7","0.38","0.27"
"Amirhossein Mahmoudi","IR Iran","G","6","1","1","374","2","0.48","0.33"
"Mehdi Hashemnejad","IR Iran","G","36","5","8","2749","13","0.43","0.36"
"Mohammadmehdi Mohebi","IR Iran","G","17","1","0","828","1","0.11","0.06"
"Amirhossein Hosseinzadeh","IR Iran","G","39","15","9","3333","24","0.65","0.62"
"Ali Alipour","IR Iran","G","27","6","7","2210","13","0.53","0.48"
"Kasra Taheri","IR Iran","G","13","10","2","725","12","1.49","0.92"
"Ehsan Mahroughi","IR Iran","G","24","9","1","1668","10","0.54","0.42"
"Pouria Shahrabadi","IR Iran","G","18","4","2","1102","6","0.49","0.33"
"Zion Suzuki","Japan","F","25","0","0","2250","0","0.0","0.0"
"Keisuke Osako","Japan","F","24","0","0","2160","0","0.0","0.0"
"Tomoki Hayakawa","Japan","F","17","0","0","1530","0","0.0","0.0"
"Hiroki Ito","Japan","F","23","1","2","1075","3","0.25","0.13"
"Tsuyoshi Watanabe","Japan","F","44","5","0","3725","5","0.12","0.11"
"Junnosuke Suzuki","Japan","F","37","1","2","3012","3","0.09","0.08"
"Shogo Taniguchi","Japan","F","41","1","1","3193","2","0.06","0.05"
"Yukinari Sugawara","Japan","F","39","0","6","2748","6","0.2","0.16"
"Daiki Hashioka","Japan","F","28","0","0","1517","0","0.0","0.0"
"Kaishu Sano","Japan","F","52","2","7","4454","9","0.18","0.17"
"Ayumu Seko","Japan","F","35","0","0","2951","0","0.0","0.0"
"Kodai Sano","Japan","F","38","3","8","3359","11","0.29","0.28"
"Joel Chima Fujita","Japan","F","40","1","4","3110","5","0.14","0.12"
"Ao Tanaka","Japan","F","35","4","0","1730","4","0.21","0.12"
"Ryunosuke Sato","Japan","F","21","9","2","1329","11","0.74","0.52"
"Daichi Kamada","Japan","F","48","2","5","3257","7","0.19","0.14"
"Kaoru Mitoma","Japan","F","31","4","1","1954","5","0.23","0.16"
"Daizen Maeda","Japan","F","54","12","10","4108","22","0.48","0.41"
"Keito Nakamura","Japan","F","37","12","5","2756","17","0.56","0.46"
"Ritsu Doan","Japan","F","46","8","6","3423","14","0.37","0.31"
"Junya Ito","Japan","F","38","6","7","2300","13","0.51","0.34"
"Yuito Suzuki","Japan","F","45","9","7","3095","16","0.47","0.36"
"Ayase Ueda","Japan","F","0","0","0","0","0","0.0","0.0"
"Kento Shiogai","Japan","F","28","10","1","968","11","1.02","0.39"
"Keisuke Goto","Japan","F","42","15","8","2955","23","0.7","0.55"
"Shuto Machino","Japan","F","39","5","1","1256","6","0.43","0.15"
"Koki Ogawa","Japan","F","32","10","4","1594","14","0.79","0.44"
"Yazeed Abulaila","Jordan","J","29","0","1","2492","1","0.04","0.04"
"Abdallah Al-Fakhouri","Jordan","J","18","0","0","1455","0","0.0","0.0"
"Abdel Rahman Al-Talalga","Jordan","J","7","0","0","660","0","0.0","0.0"
"Yazan Al-Arab","Jordan","J","22","1","1","1665","2","0.11","0.09"
"Abdallah Nasib","Jordan","J","31","1","0","2681","1","0.03","0.03"
"Husam Abu Dahab","Jordan","J","11","0","0","833","0","0.0","0.0"
"Yousef Abu Al-Jazar","Jordan","J","9","1","0","311","1","0.29","0.11"
"Mohammad Abualnadi","Jordan","J","40","0","3","2842","3","0.1","0.08"
"Saleem Obaid","Jordan","J","24","2","1","1914","3","0.14","0.12"
"Mohammad Abu Hasheesh","Jordan","J","25","0","0","1806","0","0.0","0.0"
"Mohannad Abu Taha","Jordan","J","31","4","7","2400","11","0.41","0.35"
"Mohammad Taha","Jordan","J","25","4","6","1963","10","0.46","0.4"
"Nizar Al-Rashdan","Jordan","J","29","3","2","2293","5","0.2","0.18"
"Noor Al-Rawabdeh","Jordan","J","43","2","8","3016","10","0.3","0.23"
"Amer Jamous","Jordan","J","37","5","4","2771","9","0.29","0.24"
"Ibrahim Saadeh","Jordan","J","36","1","4","2164","5","0.21","0.14"
"Mohammad Al-Dawoud","Jordan","J","11","2","0","589","2","0.31","0.18"
"Yousef Qashi","Jordan","J","7","1","0","451","1","0.2","0.14"
"Ahmad Assaf","Jordan","J","18","0","0","890","0","0.0","0.0"
"Mahmoud Al-Mardi","Jordan","J","22","1","5","1388","6","0.39","0.27"
"Odeh Fakhoury","Jordan","J","39","13","3","2309","16","0.62","0.41"
"Mousa Tamari","Jordan","J","42","8","11","2915","19","0.59","0.45"
"Shararh","Jordan","J","23","6","3","1420","9","0.57","0.39"
"Ali Azaizeh","Jordan","J","20","8","0","1106","8","0.65","0.4"
"Ibrahim Sabra","Jordan","J","26","7","0","995","7","0.63","0.27"
"Baha'a Faisal","Jordan","J","20","10","1","1635","11","0.61","0.55"
"Bum-keun Song","Korea Republic","A","14","0","0","1260","0","0.0","0.0"
"Hyeon-woo Jo","Korea Republic","A","20","0","0","1800","0","0.0","0.0"
"Seung-gyu Kim","Korea Republic","A","18","0","0","1620","0","0.0","0.0"
"Min-jae Kim","Korea Republic","A","44","1","1","2699","2","0.07","0.05"
"Yu-min Cho","Korea Republic","A","32","0","1","2434","1","0.04","0.03"
"Han-beom Lee","Korea Republic","A","52","3","4","3940","7","0.16","0.13"
"Ju-sung Kim","Korea Republic","A","15","0","0","1145","0","0.0","0.0"
"Tae-hyeon Kim","Korea Republic","A","19","1","1","1525","2","0.12","0.11"
"Tae-seok Lee","Korea Republic","A","35","4","4","2767","8","0.26","0.23"
"Young-woo Seol","Korea Republic","A","54","2","6","4554","8","0.16","0.15"
"Moon-hwan Kim","Korea Republic","A","18","0","1","1328","1","0.07","0.06"
"In-beom Hwang","Korea Republic","A","26","1","5","1496","6","0.36","0.23"
"Hyeok-kyu Kwon","Korea Republic","A","22","0","0","1177","0","0.0","0.0"
"Jin-seob Park","Korea Republic","A","14","0","0","1112","0","0.0","0.0"
"Seung-ho Paik","Korea Republic","A","50","4","1","3826","5","0.12","0.1"
"Jin-gyu Kim","Korea Republic","A","21","1","1","1396","2","0.13","0.1"
"Kang-in Lee","Korea Republic","A","45","4","8","2284","12","0.47","0.26"
"Hyun-seok Hong","Korea Republic","A","22","1","1","1068","2","0.17","0.09"
"Jun-ho Bae","Korea Republic","A","49","3","3","3234","6","0.17","0.12"
"Jae-sung Lee","Korea Republic","A","42","6","5","3002","11","0.33","0.26"
"Heung-min Son","Korea Republic","A","25","5","16","1800","21","1.05","0.84"
"Ji-sung Eom","Korea Republic","A","53","4","6","2816","10","0.32","0.19"
"Hyun-jun Yang","Korea Republic","A","45","9","2","2844","11","0.35","0.25"
"Hyeon-gyu Oh","Korea Republic","A","54","20","7","3585","27","0.68","0.5"
"Hee-chan Hwang","Korea Republic","A","33","3","3","1694","6","0.32","0.18"
"Gue-sung Cho","Korea Republic","A","43","8","1","2377","9","0.34","0.21"
"Meshaal Barsham","Qatar","B","32","0","0","2895","0","0.0","0.0"
"Shehab Ellethy","Qatar","B","23","0","0","2070","0","0.0","0.0"
"Mahmoud Abunada","Qatar","B","22","0","0","1935","0","0.0","0.0"
"Tarek Salman","Qatar","B","33","1","1","2548","2","0.07","0.06"
"Youssef Ayman","Qatar","B","20","0","0","1580","0","0.0","0.0"
"Lucas Mendes","Qatar","B","19","1","2","1607","3","0.17","0.16"
"Al-Hashmi Al-Hussain","Qatar","B","21","3","0","1434","3","0.19","0.14"
"Issa Laye","Qatar","B","12","0","1","869","1","0.1","0.08"
"Niall Mason","Qatar","B","9","2","0","735","2","0.24","0.22"
"Mohammed Waad","Qatar","B","18","0","0","941","0","0.0","0.0"
"Homam Al-Amin","Qatar","B","33","0","0","1660","0","0.0","0.0"
"Sultan Al-Brake","Qatar","B","29","1","2","2207","3","0.12","0.1"
"Ayoub Al-Oui","Qatar","B","31","2","0","2408","2","0.07","0.06"
"Jassem Gaber","Qatar","B","21","0","1","1101","1","0.08","0.05"
"Mohamed Al-Mannai","Qatar","B","23","5","2","1595","7","0.39","0.3"
"Assim Madibo","Qatar","B","0","0","0","0","0","0.0","0.0"
"Ahmed Fathi","Qatar","B","22","0","1","1726","1","0.05","0.04"
"Abdulaziz Hatim","Qatar","B","21","0","1","1117","1","0.08","0.05"
"Anas Abweny","Qatar","B","22","0","0","1180","0","0.0","0.0"
"Akram Afif","Qatar","B","34","17","17","3045","34","1.0","0.99"
"Edm?lson Junior","Qatar","B","31","7","4","2530","11","0.39","0.35"
"Mohamed Khaled Gouda","Qatar","B","27","2","0","1257","2","0.14","0.07"
"Khalid Ali Sabah","Qatar","B","21","7","3","1225","10","0.73","0.47"
"Ahmed Alaaeldin","Qatar","B","26","6","2","1314","8","0.55","0.31"
"Mohammed Muntari","Qatar","B","12","1","0","531","1","0.17","0.08"
"Nawaf Al-Aqidi","Saudi Arabia","H","15","0","1","1320","1","0.07","0.07"
"Mohammed Al-Yami","Saudi Arabia","H","10","0","0","900","0","0.0","0.0"
"Ahmed Al-Kassar","Saudi Arabia","H","3","0","0","205","0","0.0","0.0"
"Abdulelah Al-Amri","Saudi Arabia","H","36","4","3","2702","7","0.23","0.19"
"Rayan Hamed","Saudi Arabia","H","31","2","0","2370","2","0.08","0.07"
"Ayman Yahya","Saudi Arabia","H","38","3","2","1845","5","0.24","0.13"
"Muteb Al-Mufarrij","Saudi Arabia","H","27","0","1","2074","1","0.04","0.03"
"Hassan Kadesh","Saudi Arabia","H","34","1","1","2726","2","0.07","0.06"
"Saud Abdulhamid","Saudi Arabia","H","0","0","0","0","0","0.0","0.0"
"Ali Majrashi","Saudi Arabia","H","46","1","5","3258","6","0.17","0.13"
"Ziyad Al-Johani","Saudi Arabia","H","38","1","1","2163","2","0.08","0.05"
"Musab Al-Juwayr","Saudi Arabia","H","41","6","13","2970","19","0.58","0.47"
"Murad Al-Hawsawi","Saudi Arabia","H","22","2","3","1289","5","0.35","0.23"
"Mohamed Kanno","Saudi Arabia","H","46","5","5","3168","10","0.28","0.21"
"Naif Masoud","Saudi Arabia","H","28","1","0","1738","1","0.05","0.03"
"Salman Al-Faraj","Saudi Arabia","H","16","0","0","655","0","0.0","0.0"
"Marwan Al-Sahafi","Saudi Arabia","H","32","1","1","1752","2","0.1","0.06"
"Khalid Al-Ghannam","Saudi Arabia","H","31","11","5","2054","16","0.7","0.52"
"Turki Al-Ammar","Saudi Arabia","H","25","2","2","779","4","0.46","0.16"
"Sultan Mandash","Saudi Arabia","H","0","0","0","0","0","0.0","0.0"
"Firas Al-Buraikan","Saudi Arabia","H","54","8","1","2822","9","0.29","0.17"
"Saleh Al-Shehri","Saudi Arabia","H","26","4","1","696","5","0.65","0.19"
"Abdullah Al-Hamdan","Saudi Arabia","H","37","9","2","1118","11","0.89","0.3"
"Abduvokhid Nematov","Uzbekistan","K","21","0","0","1890","0","0.0","0.0"
"Botirali Ergashev","Uzbekistan","K","12","0","0","1080","0","0.0","0.0"
"Utkir Yusupov","Uzbekistan","K","12","0","0","1080","0","0.0","0.0"
"Abdukodir Khusanov","Uzbekistan","K","37","0","0","2796","0","0.0","0.0"
"Rustam Ashurmatov","Uzbekistan","K","28","1","0","2290","1","0.04","0.04"
"Mukhammadkodir Khamraliev","Uzbekistan","K","10","1","1","742","2","0.24","0.2"
"Jakhongir Urozov","Uzbekistan","K","18","2","0","1620","2","0.11","0.11"
"Umar Eshmurodov","Uzbekistan","K","19","0","2","1623","2","0.11","0.1"
"Mukhammadrasul Abdumazhidov","Uzbekistan","K","14","0","1","1215","1","0.07","0.07"
"Sherzod Nasrullaev","Uzbekistan","K","23","0","1","2011","1","0.04","0.04"
"Farrukh Sayfiev","Uzbekistan","K","14","0","2","845","2","0.21","0.14"
"Khozhiakbar Alizhonov","Uzbekistan","K","17","1","2","1386","3","0.19","0.17"
"Bekhruz Karimov","Uzbekistan","K","21","1","1","1547","2","0.12","0.1"
"Odildzhon Khamrobekov","Uzbekistan","K","34","0","2","2266","2","0.08","0.06"
"Umarali Rakhmonaliev","Uzbekistan","K","38","7","3","2932","10","0.31","0.27"
"Aziz Ganiev","Uzbekistan","K","30","2","4","2409","6","0.22","0.2"
"Otabek Shukurov","Uzbekistan","K","24","0","4","1561","4","0.23","0.17"
"Akmal Mozgovoy","Uzbekistan","K","30","0","0","1835","0","0.0","0.0"
"Ibrokhim Ibrokhimov","Uzbekistan","K","9","0","1","446","1","0.2","0.11"
"Jamshid Iskanderov","Uzbekistan","K","14","2","6","959","8","0.75","0.57"
"Oston Urunov","Uzbekistan","K","25","5","2","1456","7","0.43","0.28"
"Alisher Odilov","Uzbekistan","K","13","4","3","772","7","0.82","0.54"
"Dostonbek Khamdamov","Uzbekistan","K","14","6","3","668","9","1.21","0.64"
"Eldor Shomurodov","Uzbekistan","K","48","23","6","3870","29","0.67","0.6"
"Igor Sergeev","Uzbekistan","K","9","3","0","480","3","0.56","0.33"
"Sherzod Temirov","Uzbekistan","K","31","24","1","2656","25","0.85","0.81"
"Luca Zidane","Algeria","J","28","0","0","2520","0","0.0","0.0"
"Anthony Mandr?a","Algeria","J","26","0","0","2340","0","0.0","0.0"
"Melvin Mastil","Algeria","J","34","0","0","3120","0","0.0","0.0"
"Kilian Belazzoug","Algeria","J","19","0","1","1710","1","0.05","0.05"
"Ramy Bensebaini","Algeria","J","34","7","3","2555","10","0.35","0.29"
"Sohaib Na?r","Algeria","J","21","2","1","1754","3","0.15","0.14"
"Zineddine Belaid","Algeria","J","36","1","0","3183","1","0.03","0.03"
"A?ssa Mandi","Algeria","J","40","1","0","3278","1","0.03","0.03"
"Achref Abada","Algeria","J","23","1","0","1820","1","0.05","0.04"
"Rayan A?t-Nouri","Algeria","J","30","0","6","1805","6","0.3","0.2"
"Mehdi Dorval","Algeria","J","36","1","7","2757","8","0.26","0.22"
"Rafik Belghali","Algeria","J","30","3","0","2154","3","0.13","0.1"
"Ramiz Zerrouki","Algeria","J","37","3","6","3029","9","0.27","0.25"
"Hicham Boudaoui","Algeria","J","29","1","2","1908","3","0.14","0.1"
"Yassine Titraoui","Algeria","J","41","4","2","3322","6","0.16","0.14"
"Ibrahim Maza","Algeria","J","47","5","7","2955","12","0.37","0.26"
"Far?s Cha?bi","Algeria","J","38","3","10","2541","13","0.46","0.34"
"Houssem Aouar","Algeria","J","35","13","5","2804","18","0.58","0.52"
"Adil Aouchiche","Algeria","J","43","5","7","2968","12","0.36","0.28"
"Adil Boulbina","Algeria","J","30","12","6","2282","18","0.71","0.6"
"Riyad Mahrez","Algeria","J","45","10","13","3798","23","0.55","0.52"
"Far?s Ghedjemis","Algeria","J","39","16","3","3128","19","0.55","0.49"
"Amine Gouiri","Algeria","J","28","12","6","1665","18","0.97","0.64"
"Mohamed Amoura","Algeria","J","33","9","6","2194","15","0.62","0.46"
"Amin Chiakha","Algeria","J","25","7","1","1798","8","0.4","0.32"
"Nadhir Benbouali","Algeria","J","42","19","7","3192","26","0.73","0.62"
"Matthieu Epolo","Congo DR","K","30","0","0","2655","0","0.0","0.0"
"Timothy Fayulu","Congo DR","K","11","0","0","945","0","0.0","0.0"
"Lionel Mpasi-Nzau","Congo DR","K","5","0","0","435","0","0.0","0.0"
"Axel Tuanzebe","Congo DR","K","14","2","0","1187","2","0.15","0.14"
"Chancel Mbemba","Congo DR","K","23","0","1","1822","1","0.05","0.04"
"Steve Kapuadi","Congo DR","K","41","1","0","3571","1","0.03","0.03"
"Rocky Bushiri","Congo DR","K","34","6","1","3062","7","0.21","0.21"
"Dylan Batubinsika","Congo DR","K","19","1","0","1596","1","0.06","0.06"
"Joris Kayembe","Congo DR","K","37","0","1","2635","1","0.03","0.02"
"Arthur Masuaku","Congo DR","K","11","1","0","586","1","0.15","0.09"
"Aaron Wan-Bissaka","Congo DR","K","26","0","3","2171","3","0.12","0.11"
"Jeremy Ngakia","Congo DR","K","34","3","4","2657","7","0.24","0.21"
"Ngal'ayel Mukau","Congo DR","K","42","2","0","2284","2","0.08","0.05"
"Charles Pickel","Congo DR","K","25","1","0","887","1","0.1","0.04"
"Noah Sadiki","Congo DR","K","34","0","1","2859","1","0.03","0.03"
"Edo Kayembe","Congo DR","K","40","4","2","2730","6","0.2","0.15"
"Samuel Moutoussamy","Congo DR","K","33","3","0","2531","3","0.11","0.09"
"Meschack Elia","Congo DR","K","25","1","1","915","2","0.2","0.08"
"Nathana?l Mbuku","Congo DR","K","33","4","7","2361","11","0.42","0.33"
"Brian Cipenga","Congo DR","K","29","5","9","2039","14","0.62","0.48"
"Th?o Bongonda","Congo DR","K","8","0","0","252","0","0.0","0.0"
"Grady Diangana","Congo DR","K","19","1","0","809","1","0.11","0.05"
"Yoane Wissa","Congo DR","K","26","3","1","946","4","0.38","0.15"
"Simon Banza","Congo DR","K","17","7","1","1151","8","0.63","0.47"
"Fiston Mayele","Congo DR","K","41","13","2","3031","15","0.45","0.37"
"C?dric Bakambu","Congo DR","K","28","4","3","1295","7","0.49","0.25"
"Yahia Fofana","C?te d'Ivoire","E","28","0","1","2520","1","0.04","0.04"
"Alban Lafont","C?te d'Ivoire","E","36","0","0","3225","0","0.0","0.0"
"Mohamed Kon?","C?te d'Ivoire","E","18","0","0","1620","0","0.0","0.0"
"Ousmane Diomande","C?te d'Ivoire","E","32","1","0","2323","1","0.04","0.03"
"Evan Ndicka","C?te d'Ivoire","E","41","5","0","3432","5","0.13","0.12"
"Wilfried Singo","C?te d'Ivoire","E","30","3","3","1568","6","0.34","0.2"
"Odilon Kossounou","C?te d'Ivoire","E","34","1","0","2051","1","0.04","0.03"
"Emmanuel Agbadou","C?te d'Ivoire","E","34","1","4","2673","5","0.17","0.15"
"Cl?ment Akpa","C?te d'Ivoire","E","27","0","0","2033","0","0.0","0.0"
"Ghislain Konan","C?te d'Ivoire","E","33","0","0","2741","0","0.0","0.0"
"Gu?la Dou?","C?te d'Ivoire","E","35","2","7","2709","9","0.3","0.26"
"Ibrahim Sangar?","C?te d'Ivoire","E","43","2","3","2856","5","0.16","0.12"
"Jean Micha?l Seri","C?te d'Ivoire","E","15","0","1","824","1","0.11","0.07"
"Christ Inao Oula?","C?te d'Ivoire","E","31","2","4","2374","6","0.23","0.2"
"Franck Kessi?","C?te d'Ivoire","E","43","12","4","3745","16","0.38","0.37"
"Seko Fofana","C?te d'Ivoire","E","30","4","1","1350","5","0.33","0.16"
"Bazoumana Tour?","C?te d'Ivoire","E","32","5","12","2529","17","0.6","0.53"
"Simon Adingra","C?te d'Ivoire","E","32","5","2","1688","7","0.37","0.22"
"Martial Godo","C?te d'Ivoire","E","42","15","7","2597","22","0.76","0.52"
"B?nie Traor?","C?te d'Ivoire","E","39","11","5","2534","16","0.57","0.41"
"Parfait Guiagon","C?te d'Ivoire","E","39","12","6","3049","18","0.53","0.46"
"Amad Diallo","C?te d'Ivoire","E","35","2","4","2302","6","0.23","0.17"
"Evann Guessand","C?te d'Ivoire","E","36","5","1","2027","6","0.27","0.17"
"Nicolas P?p?","C?te d'Ivoire","E","45","9","8","3086","17","0.5","0.38"
"Elye Wahi","C?te d'Ivoire","E","30","8","5","1525","13","0.77","0.43"
"Oufa Shobeir","Egypt","G","23","0","0","1814","0","0.0","0.0"
"Mohamed Alaa","Egypt","G","30","0","0","2659","0","0.0","0.0"
"Mohamed El Shenawy","Egypt","G","22","0","0","1877","0","0.0","0.0"
"El Mahdi Soliman","Egypt","G","19","0","0","1646","0","0.0","0.0"
"Mohamed Abdelmonem","Egypt","G","1","0","0","3","0","0.0","0.0"
"Hossam Abdelmaguid","Egypt","G","42","6","0","3401","6","0.16","0.14"
"Ramy Rabia","Egypt","G","24","2","1","1987","3","0.14","0.13"
"Khaled Sobhi","Egypt","G","29","0","0","2405","0","0.0","0.0"
"Yasser Ibrahim","Egypt","G","32","2","0","2707","2","0.07","0.07"
"Ahmed Fatouh","Egypt","G","32","1","6","2046","7","0.31","0.22"
"Mohamed Hany","Egypt","G","39","0","7","3326","7","0.19","0.18"
"Tarek Alaa","Egypt","G","16","0","1","1185","1","0.08","0.07"
"Marwan Ateya","Egypt","G","37","1","0","3018","1","0.03","0.03"
"Mohanad Lasheen","Egypt","G","43","0","2","3541","2","0.05","0.05"
"Hamdy Fathy","Egypt","G","22","2","0","1811","2","0.1","0.09"
"Ahmed Kouka","Egypt","G","34","1","0","2251","1","0.04","0.03"
"Emam Ashour","Egypt","G","21","2","7","1326","9","0.61","0.43"
"Mahmoud Saber","Egypt","G","33","7","7","2241","14","0.56","0.42"
"Trezeguet","Egypt","G","33","17","1","2535","18","0.64","0.55"
"Ibrahim Adel","Egypt","G","22","2","1","1378","3","0.2","0.14"
"Haissem Hassan","Egypt","G","36","0","3","1889","3","0.14","0.08"
"Zizo","Egypt","G","32","6","12","2292","18","0.71","0.56"
"Islam Issa","Egypt","G","30","3","4","2340","7","0.27","0.23"
"Omar Marmoush","Egypt","G","35","8","3","1458","11","0.68","0.31"
"Mostafa Mohamed","Egypt","G","28","5","0","1394","5","0.32","0.18"
"Nasser Mansy","Egypt","G","33","8","7","1913","15","0.71","0.46"
"Lawrence Ati Zigi","Ghana","L","34","0","0","3060","0","0.0","0.0"
"Joseph Anang","Ghana","L","23","0","0","2100","0","0.0","0.0"
"Benjamin Asare","Ghana","L","19","0","0","1710","0","0.0","0.0"
"Kojo Peprah Oppong","Ghana","L","41","1","0","3251","1","0.03","0.03"
"Jonas Adjetey","Ghana","L","31","0","0","2466","0","0.0","0.0"
"Jerome Opoku","Ghana","L","36","1","2","2972","3","0.09","0.08"
"Alexander Djiku","Ghana","L","29","0","0","2262","0","0.0","0.0"
"Manu Duah","Ghana","L","13","1","0","1109","1","0.08","0.08"
"Patric Pfeiffer","Ghana","L","34","1","1","2857","2","0.06","0.06"
"Derrick Luckassen","Ghana","L","45","6","0","3895","6","0.14","0.13"
"Derrick K?hn","Ghana","L","31","1","3","2119","4","0.17","0.13"
"Gideon Mensah","Ghana","L","32","0","1","2370","1","0.04","0.03"
"Marvin Senaya","Ghana","L","25","1","0","1868","1","0.05","0.04"
"Ibrahim Sulemana","Ghana","L","18","1","1","924","2","0.19","0.11"
"Elisha Owusu","Ghana","L","29","0","0","2218","0","0.0","0.0"
"Thomas Partey","Ghana","L","31","0","0","1355","0","0.0","0.0"
"Caleb Yirenkyi","Ghana","L","36","2","6","3159","8","0.23","0.22"
"Kwasi Sibo","Ghana","L","30","0","0","2022","0","0.0","0.0"
"Augustine Boakye","Ghana","L","33","6","9","2612","15","0.52","0.46"
"Kamaldeen Sulemana","Ghana","L","39","3","2","1421","5","0.32","0.13"
"Christopher Bonsu Baah","Ghana","L","37","3","12","2725","15","0.5","0.41"
"Francis Amuzu","Ghana","L","25","7","3","1586","10","0.57","0.4"
"Antoine Semenyo","Ghana","L","46","18","6","3718","24","0.58","0.52"
"Abdul Fatawu","Ghana","L","46","10","8","3816","18","0.42","0.39"
"Jesurun Rak-Sakyi","Ghana","L","29","7","1","1663","8","0.43","0.27"
"Dan Agyei","Ghana","L","33","5","0","2169","5","0.21","0.15"
"Ransford K?nigsd?rffer","Ghana","L","36","6","0","2560","6","0.21","0.17"
"Prince Adu","Ghana","L","44","8","1","2374","9","0.34","0.2"
"Jordan Ayew","Ghana","L","47","7","3","2542","10","0.35","0.21"
"Yassine Bounou","Morocco","C","38","0","0","3480","0","0.0","0.0"
"El Mehdi Benabid","Morocco","C","29","0","0","2544","0","0.0","0.0"
"El Mehdi Al Harrar","Morocco","C","19","0","0","1710","0","0.0","0.0"
"Chadi Riad","Morocco","C","12","1","1","733","2","0.25","0.17"
"Issa Diop","Morocco","C","17","0","0","1223","0","0.0","0.0"
"Abdelhamid Ait Boudlal","Morocco","C","21","2","1","1369","3","0.2","0.14"
"Redouane Halhal","Morocco","C","31","1","2","2669","3","0.1","0.1"
"Isma?l Baouf","Morocco","C","30","6","1","2669","7","0.24","0.24"
"Souffian El Karouani","Morocco","C","47","3","16","3821","19","0.45","0.41"
"Anass Salah-Eddine","Morocco","C","27","0","0","1830","0","0.0","0.0"
"Achraf Hakimi","Morocco","C","34","3","13","2745","16","0.52","0.47"
"Noussair Mazraoui","Morocco","C","22","0","2","1075","2","0.17","0.09"
"Zakaria El Ouahdi","Morocco","C","42","12","5","3703","17","0.41","0.4"
"Oussama Targhalline","Morocco","C","32","2","4","2220","6","0.24","0.18"
"Mohamed Rabie Hrimat","Morocco","C","32","9","3","2720","12","0.4","0.38"
"Neil El Aynaoui","Morocco","C","36","4","2","1987","6","0.27","0.17"
"Samir El Mourabet","Morocco","C","48","2","3","3139","5","0.14","0.1"
"Azzedine Ounahi","Morocco","C","23","6","3","1665","9","0.49","0.39"
"Ismael Saibari","Morocco","C","40","20","9","3180","29","0.82","0.72"
"Bilal El Khannouss","Morocco","C","47","11","9","2883","20","0.62","0.42"
"Rayane Bounida","Morocco","C","38","4","11","1781","15","0.76","0.4"
"Abde Ezzalzouli","Morocco","C","43","13","13","3060","26","0.76","0.6"
"Amine Adli","Morocco","C","33","3","3","1282","6","0.42","0.18"
"Soufiane Rahimi","Morocco","C","22","12","2","1723","14","0.73","0.63"
"Brahim D?az","Morocco","C","43","1","8","1758","9","0.46","0.21"
"Chemsdine Talbi","Morocco","C","32","4","2","1707","6","0.32","0.19"
"Gessime Yassine","Morocco","C","36","4","10","1862","14","0.68","0.39"
"Yassir Zabiri","Morocco","C","22","4","0","974","4","0.37","0.18"
"Ayoub El Kaabi","Morocco","C","40","21","2","2844","23","0.73","0.58"
"Yehvann Diouf","Senegal","I","35","0","0","3150","0","0.0","0.0"
"Edouard Mendy","Senegal","I","41","0","0","3810","0","0.0","0.0"
"Mory Diaw","Senegal","I","29","0","1","2565","1","0.04","0.04"
"Mamadou Sarr","Senegal","I","26","0","0","2085","0","0.0","0.0"
"Moussa Niakhat?","Senegal","I","43","1","2","3677","3","0.07","0.07"
"Antoine Mendy","Senegal","I","37","2","1","2916","3","0.09","0.08"
"Nobel Mendy","Senegal","I","25","2","0","1766","2","0.1","0.08"
"Kalidou Koulibaly","Senegal","I","28","2","2","2489","4","0.14","0.14"
"Abdoulaye Seck","Senegal","I","30","4","3","2674","7","0.24","0.24"
"El Hadji Malick Diouf","Senegal","I","34","1","7","2830","8","0.25","0.23"
"Ismail Jakobs","Senegal","I","39","0","1","2362","1","0.04","0.03"
"Idrissa Gueye","Senegal","I","29","2","3","2314","5","0.19","0.17"
"Pape Gueye","Senegal","I","39","4","2","2815","6","0.19","0.15"
"Lamine Camara","Senegal","I","31","2","4","2404","6","0.22","0.19"
"Pape Matar Sarr","Senegal","I","37","2","3","2233","5","0.2","0.13"
"Habib Diarra","Senegal","I","22","3","2","1628","5","0.28","0.23"
"Path? Ciss","Senegal","I","41","2","2","2980","4","0.12","0.1"
"Kr?pin Diatta","Senegal","I","24","0","2","1370","2","0.13","0.08"
"Assane Diao","Senegal","I","19","2","1","971","3","0.28","0.16"
"Mamadou Diakhon","Senegal","I","37","3","11","1398","14","0.9","0.38"
"Iliman Ndiaye","Senegal","I","32","6","3","2645","9","0.31","0.28"
"Isma?la Sarr","Senegal","I","43","20","3","3493","23","0.59","0.53"
"Ibrahim Mbaye","Senegal","I","37","5","5","1578","10","0.57","0.27"
"Nicolas Jackson","Senegal","I","35","13","4","1424","17","1.07","0.48"
"Boulaye Dia","Senegal","I","28","2","3","1242","5","0.36","0.18"
"Bamba Dieng","Senegal","I","25","15","1","1421","16","1.01","0.64"
"Cherif Ndiaye","Senegal","I","40","14","5","2284","19","0.75","0.48"
"Habib Diallo","Senegal","I","25","4","2","1891","6","0.29","0.24"
"Ronwen Williams","South Africa","A","44","0","0","3900","0","0.0","0.0"
"Ricardo Goss","South Africa","A","27","0","0","2460","0","0.0","0.0"
"Renaldo Leaner","South Africa","A","22","0","0","1955","0","0.0","0.0"
"Mbekezeli Mbokazi","South Africa","A","34","2","1","2942","3","0.09","0.09"
"Ime Okon","South Africa","A","27","2","0","1954","2","0.09","0.07"
"Nkosinathi Sibisi","South Africa","A","28","0","0","2283","0","0.0","0.0"
"Khulumani Ndamane","South Africa","A","35","0","2","2960","2","0.06","0.06"
"Samukele Kabini","South Africa","A","9","0","1","745","1","0.12","0.11"
"Aubrey Modiba","South Africa","A","41","0","7","3032","7","0.21","0.17"
"Khuliso Mudau","South Africa","A","36","1","4","2844","5","0.16","0.14"
"Thabang Matuludi","South Africa","A","27","2","0","2211","2","0.08","0.07"
"Teboho Mokoena","South Africa","A","40","5","2","3039","7","0.21","0.18"
"Thalente Mbatha","South Africa","A","29","1","1","2019","2","0.09","0.07"
"Jayden Adams","South Africa","A","37","2","1","2300","3","0.12","0.08"
"Yaya Sithole","South Africa","A","31","3","0","1830","3","0.15","0.1"
"Themba Zwane","South Africa","A","24","0","2","843","2","0.21","0.08"
"Oswin Appollis","South Africa","A","43","13","9","3041","22","0.65","0.51"
"Relebohile Mofokeng","South Africa","A","35","11","9","2730","20","0.66","0.57"
"Tshepang Moremi","South Africa","A","40","11","5","2466","16","0.58","0.4"
"Thapelo Maseko","South Africa","A","23","2","0","1029","2","0.17","0.08"
"Bongokuhle Hlongwane","South Africa","A","10","0","0","488","0","0.0","0.0"
"Lyle Foster","South Africa","A","29","3","3","1623","6","0.33","0.21"
"Evidence Makgopa","South Africa","A","31","7","3","1440","10","0.62","0.32"
"Aymen Dahmen","Tunisia","F","27","0","0","2415","0","0.0","0.0"
"Noureddine Farhati","Tunisia","F","30","0","0","2700","0","0.0","0.0"
"Abdelmouhib Chamakh","Tunisia","F","24","0","0","2133","0","0.0","0.0"
"Sabri Ben Hessen","Tunisia","F","31","0","0","2790","0","0.0","0.0"
"Alaa Ghram","Tunisia","F","14","0","0","1040","0","0.0","0.0"
"Adem Arous","Tunisia","F","24","2","1","1908","3","0.14","0.12"
"Omar Rekik","Tunisia","F","29","1","1","2306","2","0.08","0.07"
"Raed Chikhaoui","Tunisia","F","29","4","2","2565","6","0.21","0.21"
"Ali Abdi","Tunisia","F","31","4","1","1681","5","0.27","0.16"
"Mohamed Amine Ben Hamida","Tunisia","F","36","1","3","3064","4","0.12","0.11"
"Yan Valery","Tunisia","F","38","0","4","3056","4","0.12","0.11"
"Moutaz Neffati","Tunisia","F","10","1","0","651","1","0.14","0.1"
"Ghaith Zaalouni","Tunisia","F","27","3","4","2269","7","0.28","0.26"
"Ellyes Skhiri","Tunisia","F","38","0","0","2169","0","0.0","0.0"
"Mohamed Belhadj Mahmoud","Tunisia","F","35","1","0","1604","1","0.06","0.03"
"Rani Khedira","Tunisia","F","36","5","2","3188","7","0.2","0.2"
"Anis Ben Slimane","Tunisia","F","27","5","6","1462","11","0.68","0.41"
"Sayfallah Ltaief","Tunisia","F","25","3","1","1411","4","0.26","0.16"
"Sebastian Tounekti","Tunisia","F","48","6","3","2928","9","0.28","0.19"
"Isma?l Gharbi","Tunisia","F","15","0","2","603","2","0.3","0.13"
"Elias Saad","Tunisia","F","28","0","5","1484","5","0.3","0.18"
"Mortadha Ben Ouanes","Tunisia","F","30","2","6","2365","8","0.3","0.26"
"Khalil Ayari","Tunisia","F","8","1","0","567","1","0.16","0.13"
"Louey Ben Farhat","Tunisia","F","21","6","2","1373","8","0.52","0.38"
"Firas Chaouat","Tunisia","F","30","16","1","2317","17","0.66","0.57"
"Hazem Mastouri","Tunisia","F","32","5","3","1780","8","0.4","0.25"
"Rayan Elloumi","Tunisia","F","0","0","0","0","0","0.0","0.0"
"Omar Ben Ali","Tunisia","F","23","9","1","1865","10","0.48","0.43"
"Anisse Saidi","Tunisia","F","2","0","0","11","0","0.0","0.0"
"Eloy Room","Cura?ao","E","10","0","0","892","0","0.0","0.0"
"Trevor Doornbusch","Cura?ao","E","2","0","0","64","0","0.0","0.0"
"Tyrick Bodak","Cura?ao","E","0","0","0","0","0","0.0","0.0"
"Armando Obispo","Cura?ao","E","0","0","0","0","0","0.0","0.0"
"Riechedly Bazoer","Cura?ao","E","16","0","0","964","0","0.0","0.0"
"Deveron Fonville","Cura?ao","E","36","0","4","1890","4","0.19","0.11"
"Juri?n Gaari","Cura?ao","E","32","0","0","2910","0","0.0","0.0"
"Roshon van Eijma","Cura?ao","E","32","0","0","2383","0","0.0","0.0"
"Sherel Floranus","Cura?ao","E","35","1","4","3045","5","0.15","0.14"
"Shurandy Sambo","Cura?ao","E","27","0","2","1745","2","0.1","0.07"
"Joshua Brenet","Cura?ao","E","27","0","2","1800","2","0.1","0.07"
"Livano Comenencia","Cura?ao","E","27","0","0","1768","0","0.0","0.0"
"Godfried Roemeratoe","Cura?ao","E","39","0","2","2616","2","0.07","0.05"
"Kevin Felida","Cura?ao","E","41","4","3","3409","7","0.18","0.17"
"Juninho Bacuna","Cura?ao","E","25","1","1","1120","2","0.16","0.08"
"Leandro Bacuna","Cura?ao","E","40","9","4","3201","13","0.37","0.33"
"Tyrese Noslin","Cura?ao","E","39","2","3","2540","5","0.18","0.13"
"Tahith Chong","Cura?ao","E","24","0","1","816","1","0.11","0.04"
"Jearl Margaritha","Cura?ao","E","35","7","12","2547","19","0.67","0.54"
"Jeremy Antonisse","Cura?ao","E","33","1","2","2262","3","0.12","0.09"
"Kenji Gorr?","Cura?ao","E","30","5","11","1941","16","0.74","0.53"
"Sontje Hansen","Cura?ao","E","22","1","1","728","2","0.25","0.09"
"Ar'jany Martha","Cura?ao","E","48","3","3","3108","6","0.17","0.12"
"Brandley Kuwas","Cura?ao","E","35","7","5","2346","12","0.46","0.34"
"J?rgen Locadia","Cura?ao","E","10","2","2","714","4","0.5","0.4"
"Gervane Kastaneer","Cura?ao","E","23","6","9","1828","15","0.74","0.65"
"Alexandre Pierre","Haiti","C","26","0","0","2340","0","0.0","0.0"
"Johny Placide","Haiti","C","24","0","1","2160","1","0.04","0.04"
"Josu? Duverger","Haiti","C","22","0","0","1980","0","0.0","0.0"
"Hannes Delcroix","Haiti","C","18","1","1","1470","2","0.12","0.11"
"Jean-K?vin Duverne","Haiti","C","22","0","1","1058","1","0.09","0.05"
"Ricardo Ad?","Haiti","C","11","1","0","804","1","0.11","0.09"
"Delentz Pierre","Haiti","C","8","0","1","587","1","0.15","0.12"
"Martin Exp?rience","Haiti","C","25","1","1","1640","2","0.11","0.08"
"Duke Lacroix","Haiti","C","2","0","0","49","0","0.0","0.0"
"Carlens Arcus","Haiti","C","27","0","3","2126","3","0.13","0.11"
"Wilguens Paugain","Haiti","C","28","1","0","1395","1","0.06","0.03"
"Danley Jean Jacques","Haiti","C","0","0","0","0","0","0.0","0.0"
"Leverton Pierre","Haiti","C","12","0","0","333","0","0.0","0.0"
"Carl Saint?","Haiti","C","6","0","0","241","0","0.0","0.0"
"Woodensky Pierre","Haiti","C","1","0","0","53","0","0.0","0.0"
"Jean-Ricner Bellegarde","Haiti","C","31","1","1","1635","2","0.11","0.06"
"Derrick Etienne Jr.","Haiti","C","10","1","1","575","2","0.31","0.2"
"Ruben Providence","Haiti","C","30","1","2","1204","3","0.22","0.1"
"Josu? Casimir","Haiti","C","30","1","0","1585","1","0.06","0.04"
"Louicius Deedson","Haiti","C","9","1","0","320","1","0.28","0.11"
"Wilson Isidor","Haiti","C","36","6","0","1431","6","0.38","0.17"
"Frantzdy Pierrot","Haiti","C","33","4","2","1495","6","0.36","0.18"
"Duckens Nazon","Haiti","C","21","2","2","890","4","0.4","0.19"
"Woobens Pacius","Haiti","C","13","2","0","428","2","0.42","0.15"
"Yassin Fortun?","Haiti","C","24","2","1","1330","3","0.2","0.12"
"Orlando Mosquera","Panama","L","33","0","0","2958","0","0.0","0.0"
"C?sar Samudio","Panama","L","30","0","0","2638","0","0.0","0.0"
"Luis Mej?a","Panama","L","14","0","0","1242","0","0.0","0.0"
"Jos? C?rdoba","Panama","L","32","2","1","2591","3","0.1","0.09"
"Andr?s Andrade","Panama","L","35","3","2","3133","5","0.14","0.14"
"Jiovany Ramos","Panama","L","15","2","0","1337","2","0.13","0.13"
"Roderick Miller","Panama","L","28","0","2","2213","2","0.08","0.07"
"Mart?n Krug","Panama","L","2","0","0","156","0","0.0","0.0"
"Jorge Guti?rrez","Panama","L","0","0","0","0","0","0.0","0.0"
"?ric Davis","Panama","L","0","0","0","0","0","0.0","0.0"
"Amir Murillo","Panama","L","39","4","5","2616","9","0.31","0.23"
"C?sar Blackman","Panama","L","40","3","6","3238","9","0.25","0.22"
"Cristian Mart?nez","Panama","L","33","4","1","2558","5","0.18","0.15"
"Carlos Harvey","Panama","L","7","0","0","397","0","0.0","0.0"
"An?bal Godoy","Panama","L","16","0","0","971","0","0.0","0.0"
"Adalberto Carrasquilla","Panama","L","37","2","7","2700","9","0.3","0.24"
"Jos? Luis Rodr?guez","Panama","L","37","4","9","2938","13","0.4","0.35"
"Ismael D?az","Panama","L","28","10","6","2022","16","0.71","0.57"
"Yoel B?rcenas","Panama","L","31","3","1","2262","4","0.16","0.13"
"C?sar Yanis","Panama","L","11","0","2","744","2","0.24","0.18"
"Kadir Barr?a","Panama","L","20","1","3","903","4","0.4","0.2"
"Jos? Fajardo","Panama","L","16","4","1","1056","5","0.43","0.32"
"Cecilio Waterman","Panama","L","12","1","2","949","3","0.28","0.25"
"Emiliano Mart?nez","Argentina","J","45","0","0","3930","0","0.0","0.0"
"Ger?nimo Rulli","Argentina","J","38","0","0","3420","0","0.0","0.0"
"Juan Musso","Argentina","J","17","0","0","1486","0","0.0","0.0"
"Cristian Romero","Argentina","J","36","6","4","3017","10","0.3","0.28"
"Marcos Senesi","Argentina","J","39","0","5","3320","5","0.14","0.13"
"Tom?s Palacios","Argentina","J","15","0","0","1287","0","0.0","0.0"
"Lucas Mart?nez Quarta","Argentina","J","19","2","0","1547","2","0.12","0.11"
"Nicol?s Otamendi","Argentina","J","50","4","4","4338","8","0.17","0.16"
"Nicol?s Tagliafico","Argentina","J","33","0","3","2208","3","0.12","0.09"
"Gabriel Rojas","Argentina","J","15","1","3","1254","4","0.29","0.27"
"Marcos Acu?a","Argentina","J","14","0","1","1012","1","0.09","0.07"
"Nahuel Molina","Argentina","J","49","2","5","2636","7","0.24","0.14"
"Agust?n Giay","Argentina","J","22","0","0","1469","0","0.0","0.0"
"M?ximo Perrone","Argentina","J","40","3","4","2869","7","0.22","0.18"
"Leandro Paredes","Argentina","J","20","3","3","1451","6","0.37","0.3"
"Enzo Fern?ndez","Argentina","J","54","15","6","4317","21","0.44","0.39"
"Alexis Mac Allister","Argentina","J","58","7","8","4021","15","0.34","0.26"
"Valent?n Barco","Argentina","J","42","3","9","3246","12","0.33","0.28"
"Exequiel Palacios","Argentina","J","25","0","1","1461","1","0.06","0.04"
"Rodrigo De Paul","Argentina","J","16","2","2","1264","4","0.28","0.25"
"Nico Paz","Argentina","J","43","14","8","3384","22","0.59","0.52"
"Nico Gonz?lez","Argentina","J","44","5","3","2233","8","0.32","0.18"
"Thiago Almada","Argentina","J","40","4","3","1804","7","0.35","0.18"
"Franco Mastantuono","Argentina","J","32","3","1","1347","4","0.27","0.13"
"Giuliano Simeone","Argentina","J","55","7","8","3852","15","0.35","0.27"
"Lionel Messi","Argentina","J","16","11","4","1391","15","0.97","0.94"
"Gianluca Prestianni","Argentina","J","40","3","5","1972","8","0.37","0.2"
"Juli?n Alvarez","Argentina","J","52","21","9","3742","30","0.72","0.58"
"Jos? Manuel L?pez","Argentina","J","33","13","8","2345","21","0.81","0.64"
"Ederson","Brazil","C","38","0","0","3422","0","0.0","0.0"
"Hugo Souza","Brazil","C","27","0","0","2430","0","0.0","0.0"
"Bento","Brazil","C","34","0","0","3060","0","0.0","0.0"
"Bremer","Brazil","C","30","5","3","2479","8","0.29","0.27"
"Vitor Reis","Brazil","C","34","1","1","2927","2","0.06","0.06"
"Marquinhos","Brazil","C","32","2","0","2654","2","0.07","0.06"
"Roger Iba?ez","Brazil","C","0","0","0","0","0","0.0","0.0"
"L?o Pereira","Brazil","C","25","2","0","2107","2","0.09","0.08"
"Danilo","Brazil","C","15","1","0","1005","1","0.09","0.07"
"Kaiki","Brazil","C","27","0","3","2314","3","0.12","0.11"
"Douglas Santos","Brazil","C","26","2","2","2113","4","0.17","0.15"
"Fabinho","Brazil","C","43","3","3","3695","6","0.15","0.14"
"Casemiro","Brazil","C","40","10","3","2994","13","0.39","0.32"
"Andrey Santos","Brazil","C","44","2","4","2424","6","0.22","0.13"
"Danilo","Brazil","C","24","11","3","1905","14","0.66","0.58"
"Gabriel Sara","Brazil","C","43","6","5","2808","11","0.35","0.25"
"Vinicius Junior","Brazil","C","56","22","16","4465","38","0.77","0.68"
"Gabriel Martinelli","Brazil","C","53","13","6","2398","19","0.71","0.36"
"Rayan","Brazil","C","15","6","2","1028","8","0.7","0.53"
"Luiz Henrique","Brazil","C","37","5","5","2503","10","0.36","0.27"
"Jo?o Pedro","Brazil","C","51","20","9","3638","29","0.72","0.57"
"Matheus Cunha","Brazil","C","40","9","5","2928","14","0.43","0.35"
"Igor Thiago","Brazil","C","39","26","1","3209","27","0.76","0.69"
"Endrick","Brazil","C","23","8","9","1585","17","0.97","0.74"
"?lvaro Montero","Colombia","K","19","0","0","1710","0","0.0","0.0"
"Camilo Vargas","Colombia","K","33","0","2","2970","2","0.06","0.06"
"David Ospina","Colombia","K","0","0","0","0","0","0.0","0.0"
"Jhon Lucum?","Colombia","K","46","2","1","3792","3","0.07","0.06"
"Davinson S?nchez","Colombia","K","48","2","1","3954","3","0.07","0.06"
"Yerson Mosquera","Colombia","K","29","0","0","2260","0","0.0","0.0"
"Juan Cabal","Colombia","K","20","2","1","604","3","0.45","0.15"
"Deiver Machado","Colombia","K","23","0","1","1363","1","0.07","0.05"
"Johan Mojica","Colombia","K","37","0","4","2885","4","0.12","0.1"
"Daniel Mu?oz","Colombia","K","44","5","3","3735","8","0.19","0.18"
"Santiago Arias","Colombia","K","15","0","3","1022","3","0.26","0.2"
"Richard R?os","Colombia","K","49","7","6","3814","13","0.31","0.27"
"Jefferson Lerma","Colombia","K","50","2","7","2681","9","0.3","0.18"
"Kevin Casta?o","Colombia","K","10","0","0","288","0","0.0","0.0"
"Gustavo Puerta","Colombia","K","35","4","1","2716","5","0.17","0.15"
"Jorge Carrascal","Colombia","K","30","2","4","1540","6","0.35","0.2"
"James Rodr?guez","Colombia","K","26","4","4","1559","8","0.46","0.31"
"Juan Fernando Quintero","Colombia","K","19","3","4","895","7","0.7","0.37"
"Luis D?az","Colombia","K","54","28","21","4264","49","1.03","0.9"
"Andr?s G?mez","Colombia","K","26","3","3","1954","6","0.28","0.23"
"J?minton Campaz","Colombia","K","18","2","5","1140","7","0.55","0.39"
"Johan Carbonero","Colombia","K","20","4","3","1232","7","0.51","0.35"
"Jhon Arias","Colombia","K","48","7","3","2844","10","0.32","0.21"
"Luis Su?rez","Colombia","K","54","35","9","4346","44","0.91","0.81"
"Jhon C?rdoba","Colombia","K","41","21","9","3109","30","0.87","0.73"
"Rafael Borr?","Colombia","K","26","6","2","1499","8","0.48","0.31"
"Gonzalo Valle","Ecuador","E","16","0","0","1409","0","0.0","0.0"
"Mois?s Ram?rez","Ecuador","E","29","0","0","2567","0","0.0","0.0"
"David Cabezas","Ecuador","E","14","0","0","1201","0","0.0","0.0"
"Hern?n Gal?ndez","Ecuador","E","20","0","0","1800","0","0.0","0.0"
"Willian Pacho","Ecuador","E","49","2","1","4259","3","0.06","0.06"
"Piero Hincapi?","Ecuador","E","41","1","2","2942","3","0.09","0.07"
"Joel Ord??ez","Ecuador","E","48","4","0","4043","4","0.09","0.08"
"L?o Realpe","Ecuador","E","24","1","1","1608","2","0.11","0.08"
"Jackson Porozo","Ecuador","E","34","2","0","3029","2","0.06","0.06"
"F?lix Torres","Ecuador","E","18","1","0","1391","1","0.06","0.05"
"Pervis Estupi??n","Ecuador","E","24","1","1","1445","2","0.12","0.08"
"Yaimar Medina","Ecuador","E","41","1","2","2253","3","0.12","0.07"
"Angelo Preciado","Ecuador","E","43","1","7","2638","8","0.27","0.18"
"Jos? Andr?s Hurtado","Ecuador","E","21","1","0","1483","1","0.06","0.05"
"Mois?s Caicedo","Ecuador","E","51","5","1","4264","6","0.13","0.12"
"Jordy Alc?var","Ecuador","E","15","2","2","939","4","0.38","0.26"
"Denil Castillo","Ecuador","E","49","6","7","2817","13","0.42","0.27"
"Alan Franco","Ecuador","E","32","0","2","2643","2","0.07","0.06"
"Kendry P?ez","Ecuador","E","36","2","1","1261","3","0.21","0.08"
"Pedro Vite","Ecuador","E","41","4","0","3117","4","0.12","0.1"
"John Mercado","Ecuador","E","37","7","5","2213","12","0.49","0.33"
"Gonzalo Plata","Ecuador","E","27","2","6","1653","8","0.44","0.3"
"Alan Minda","Ecuador","E","34","5","3","1512","8","0.48","0.24"
"Bryan Ram?rez","Ecuador","E","13","0","1","1065","1","0.08","0.07"
"El?as Legendre Qui??nez","Ecuador","E","26","8","3","1317","11","0.75","0.42"
"Janner Corozo","Ecuador","E","12","3","1","761","4","0.47","0.33"
"Anthony Valencia","Ecuador","E","25","4","2","1356","6","0.4","0.24"
"John Yeboah","Ecuador","E","42","13","12","3161","25","0.71","0.59"
"Jeremy Ar?valo","Ecuador","E","32","13","2","1245","15","1.08","0.47"
"Kevin Rodr?guez","Ecuador","E","40","12","3","2354","15","0.57","0.37"
"Enner Valencia","Ecuador","E","23","9","1","1444","10","0.62","0.43"
"Jordy Caicedo","Ecuador","E","29","8","0","1703","8","0.42","0.27"
"Orlando Gill","Paraguay","D","23","0","0","2070","0","0.0","0.0"
"Gast?n Olveira","Paraguay","D","23","0","0","2070","0","0.0","0.0"
"Roberto Fern?ndez","Paraguay","D","2","0","0","180","0","0.0","0.0"
"Omar Alderete","Paraguay","D","37","1","1","3147","2","0.06","0.06"
"Gustavo G?mez","Paraguay","D","32","3","0","2825","3","0.1","0.1"
"J?nior Alonso","Paraguay","D","20","0","0","1681","0","0.0","0.0"
"Jos? Canale","Paraguay","D","20","1","0","1761","1","0.05","0.05"
"Fabi?n Balbuena","Paraguay","D","12","0","0","973","0","0.0","0.0"
"Gustavo Vel?zquez","Paraguay","D","16","0","0","1351","0","0.0","0.0"
"Alexandro Maidana","Paraguay","D","17","2","0","1303","2","0.14","0.12"
"Juan Jos? C?ceres","Paraguay","D","33","1","9","2829","10","0.32","0.3"
"Alan Ben?tez","Paraguay","D","11","1","2","918","3","0.29","0.27"
"Braian Ojeda","Paraguay","D","19","0","2","1381","2","0.13","0.1"
"Lucas Romero","Paraguay","D","7","0","0","356","0","0.0","0.0"
"Diego G?mez","Paraguay","D","41","12","1","2801","13","0.42","0.32"
"Dami?n Bobadilla","Paraguay","D","30","4","3","2131","7","0.3","0.24"
"Mat?as Galarza","Paraguay","D","14","0","0","829","0","0.0","0.0"
"Julio Enciso","Paraguay","D","43","11","7","2973","18","0.54","0.41"
"Mauricio","Paraguay","D","26","3","2","1744","5","0.26","0.19"
"Gustavo Caballero","Paraguay","D","16","2","0","893","2","0.2","0.12"
"Miguel Almir?n","Paraguay","D","14","1","4","1097","5","0.41","0.36"
"Ram?n Sosa","Paraguay","D","31","6","5","1504","11","0.66","0.36"
"?lex Arce","Paraguay","D","0","0","0","0","0","0.0","0.0"
"Antonio Sanabria","Paraguay","D","30","2","1","1215","3","0.22","0.1"
"Gabriel ?valos","Paraguay","D","17","9","5","1489","14","0.85","0.83"
"Santiago Mele","Uruguay","H","21","0","0","1880","0","0.0","0.0"
"Sergio Rochet","Uruguay","H","16","0","0","1440","0","0.0","0.0"
"Fernando Muslera","Uruguay","H","16","0","0","1395","0","0.0","0.0"
"Ronald Araujo","Uruguay","H","39","4","0","1768","4","0.2","0.1"
"Jos? Mar?a Gim?nez","Uruguay","H","27","1","1","1755","2","0.1","0.07"
"Santiago Bueno","Uruguay","H","34","4","2","2913","6","0.19","0.18"
"Sebasti?n C?ceres","Uruguay","H","35","0","0","2919","0","0.0","0.0"
"Maxi Ara?jo","Uruguay","H","48","7","4","3704","11","0.27","0.23"
"Math?as Olivera","Uruguay","H","35","0","2","2108","2","0.09","0.06"
"Joaqu?n Piquerez","Uruguay","H","19","0","2","1372","2","0.13","0.1"
"Juan Manuel Sanabria","Uruguay","H","31","3","8","2465","11","0.4","0.35"
"Mat?as Vi?a","Uruguay","H","13","0","0","792","0","0.0","0.0"
"Jos? Luis Rodr?guez","Uruguay","H","23","5","3","1748","8","0.41","0.35"
"Guillermo Varela","Uruguay","H","22","0","3","1749","3","0.15","0.13"
"Manuel Ugarte","Uruguay","H","27","0","0","1272","0","0.0","0.0"
"Emiliano Mart?nez","Uruguay","H","19","0","0","698","0","0.0","0.0"
"Nicol?s Fonseca","Uruguay","H","33","0","0","2033","0","0.0","0.0"
"Federico Valverde","Uruguay","H","50","10","13","4248","23","0.49","0.46"
"Nicol?s de la Cruz","Uruguay","H","19","1","1","561","2","0.32","0.1"
"Giorgian de Arrascaeta","Uruguay","H","26","10","5","1763","15","0.77","0.58"
"Brian Rodr?guez","Uruguay","H","44","13","7","2793","20","0.64","0.45"
"Agust?n Canobbio","Uruguay","H","24","4","1","1891","5","0.24","0.21"
"Facundo Torres","Uruguay","H","16","2","4","1224","6","0.44","0.37"
"Facundo Pellistri","Uruguay","H","20","0","2","1113","2","0.16","0.1"
"Darwin N??ez","Uruguay","H","26","9","5","1691","14","0.75","0.54"
"Federico Vi?as","Uruguay","H","36","9","4","2529","13","0.46","0.36"
"Agust?n ?lvarez","Uruguay","H","25","4","1","917","5","0.49","0.2"
"Rodrigo Aguirre","Uruguay","H","41","9","3","2653","12","0.41","0.29"
"Max Crocombe","New Zealand","G","30","0","0","2700","0","0.0","0.0"
"Alex Paulsen","New Zealand","G","29","0","0","2640","0","0.0","0.0"
"Michael Woud","New Zealand","G","26","0","0","2301","0","0.0","0.0"
"Finn Surman","New Zealand","G","18","1","1","1500","2","0.12","0.11"
"Tyler Bindon","New Zealand","G","32","1","0","2517","1","0.04","0.03"
"Bill Tuiloma","New Zealand","G","18","1","0","1191","1","0.08","0.06"
"Ben Old","New Zealand","G","40","6","2","2488","8","0.29","0.2"
"Francis de Vries","New Zealand","G","30","1","8","2520","9","0.32","0.3"
"James McGarry","New Zealand","G","30","1","3","2177","4","0.17","0.14"
"Tim Payne","New Zealand","G","20","0","6","1297","6","0.42","0.3"
"Callan Elliot","New Zealand","G","0","0","0","0","0","0.0","0.0"
"Joe Bell","New Zealand","G","15","0","5","1205","5","0.37","0.33"
"Ryan Thomas","New Zealand","G","34","1","1","2539","2","0.07","0.06"
"Alex Rufer","New Zealand","G","26","2","1","2169","3","0.12","0.11"
"Marko Stameni?","New Zealand","G","44","3","3","3161","6","0.17","0.14"
"Lachlan Bayliss","New Zealand","G","28","5","3","1777","8","0.41","0.29"
"Callum McCowatt","New Zealand","G","41","12","5","3048","17","0.5","0.41"
"Andre de Jong","New Zealand","G","35","4","1","1801","5","0.25","0.14"
"Jesse Randall","New Zealand","G","33","10","7","2467","17","0.62","0.51"
"Elijah Just","New Zealand","G","46","8","8","3419","16","0.42","0.35"
"Logan Rogerson","New Zealand","G","29","1","1","1344","2","0.13","0.07"
"Ben Waine","New Zealand","G","43","9","1","2219","10","0.41","0.24"
"Kosta Barbarouses","New Zealand","G","27","5","1","1552","6","0.35","0.22"
"Alexander Schlager","Austria","J","46","0","0","4125","0","0.0","0.0"
"Tobias Lawal","Austria","J","26","0","0","2370","0","0.0","0.0"
"Patrick Pentz","Austria","J","37","0","0","3345","0","0.0","0.0"
"Florian Wiegele","Austria","J","30","0","0","2625","0","0.0","0.0"
"Kevin Danso","Austria","J","34","0","0","2103","0","0.0","0.0"
"Marco Friedl","Austria","J","32","1","0","2673","1","0.03","0.03"
"Philipp Lienhart","Austria","J","33","2","0","2383","2","0.08","0.06"
"David Affengruber","Austria","J","37","1","2","2836","3","0.1","0.09"
"Stefan Posch","Austria","J","35","4","0","2174","4","0.17","0.12"
"David Alaba","Austria","J","15","0","0","444","0","0.0","0.0"
"Maximilian W?ber","Austria","J","3","0","0","149","0","0.0","0.0"
"Michael Svoboda","Austria","J","32","3","2","2599","5","0.17","0.15"
"Phillipp Mwene","Austria","J","39","1","5","2724","6","0.2","0.16"
"Konrad Laimer","Austria","J","45","3","12","3195","15","0.42","0.33"
"Nicolas Seiwald","Austria","J","37","1","2","3071","3","0.09","0.08"
"Florian Grillitsch","Austria","J","38","3","2","2246","5","0.2","0.13"
"Carney Chukwuemeka","Austria","J","39","4","2","1244","6","0.43","0.15"
"Xaver Schlager","Austria","J","31","3","2","2101","5","0.21","0.16"
"Marcel Sabitzer","Austria","J","36","3","6","2506","9","0.32","0.25"
"Alessandro Sch?pf","Austria","J","30","4","6","2362","10","0.38","0.33"
"Alexander Prass","Austria","J","35","3","2","1407","5","0.32","0.14"
"Christoph Baumgartner","Austria","J","38","17","9","3029","26","0.77","0.68"
"Paul Wanner","Austria","J","34","4","3","2318","7","0.27","0.2"
"Romano Schmid","Austria","J","36","4","8","3025","12","0.36","0.34"
"Patrick Wimmer","Austria","J","28","4","6","1792","10","0.5","0.36"
"Marko Arnautovic","Austria","J","31","8","9","1820","17","0.84","0.55"
"Sasa Kalajdzic","Austria","J","29","7","8","1623","15","0.83","0.52"
"Michael Gregoritsch","Austria","J","32","9","5","1324","14","0.95","0.44"
"Senne Lammens","Belgium","G","36","0","0","3195","0","0.0","0.0"
"Maarten Vandevoordt","Belgium","G","16","0","0","1367","0","0.0","0.0"
"Matz Sels","Belgium","G","36","0","0","3147","0","0.0","0.0"
"Zeno Debast","Belgium","G","26","1","2","1583","3","0.17","0.11"
"Koni De Winter","Belgium","G","29","1","1","2075","2","0.09","0.07"
"Arthur Theate","Belgium","G","34","1","1","3002","2","0.06","0.06"
"Nathan Ngoy","Belgium","G","38","3","2","3024","5","0.15","0.13"
"Brandon Mechele","Belgium","G","54","8","3","4710","11","0.21","0.2"
"Maxim De Cuyper","Belgium","G","31","2","3","1437","5","0.31","0.16"
"Joaquin Seys","Belgium","G","53","4","8","3926","12","0.28","0.23"
"Timothy Castagne","Belgium","G","36","0","1","2227","1","0.04","0.03"
"Thomas Meunier","Belgium","G","36","2","4","2556","6","0.21","0.17"
"Amadou Onana","Belgium","G","38","3","0","2693","3","0.1","0.08"
"Nicolas Raskin","Belgium","G","52","7","9","4301","16","0.33","0.3"
"Axel Witsel","Belgium","G","30","1","2","2355","3","0.11","0.1"
"Youri Tielemans","Belgium","G","33","1","8","2384","9","0.34","0.27"
"Nathan De Cat","Belgium","G","43","4","5","3146","9","0.26","0.21"
"Alexis Saelemaekers","Belgium","G","39","2","6","2977","8","0.24","0.2"
"Charles De Ketelaere","Belgium","G","41","6","7","2955","13","0.4","0.32"
"Kevin De Bruyne","Belgium","G","21","5","3","1391","8","0.52","0.38"
"J?r?my Doku","Belgium","G","44","7","14","2758","21","0.69","0.48"
"Mika Godts","Belgium","G","42","17","14","3268","31","0.85","0.73"
"Dodi Luk?bakio","Belgium","G","25","5","5","1415","10","0.64","0.4"
"Lo?s Openda","Belgium","G","39","2","0","1224","2","0.15","0.05"
"Lucas Stassin","Belgium","G","35","13","7","2505","20","0.72","0.57"
"Dominik Livakovic","Croatia","L","19","0","0","1695","0","0.0","0.0"
"Ivor Pandur","Croatia","L","46","0","0","4140","0","0.0","0.0"
"Karlo Letica","Croatia","L","50","0","0","4530","0","0.0","0.0"
"Luka Vuskovic","Croatia","L","33","6","3","2914","9","0.28","0.27"
"Josip Sutalo","Croatia","L","31","0","0","2288","0","0.0","0.0"
"Marin Pongracic","Croatia","L","47","1","0","3718","1","0.02","0.02"
"Martin Erli?","Croatia","L","35","6","1","2879","7","0.22","0.2"
"Duje Caleta-Car","Croatia","L","31","1","0","2509","1","0.04","0.04"
"Josip Stanisic","Croatia","L","42","3","7","3063","10","0.29","0.23"
"Ivan Smolcic","Croatia","L","30","0","2","1754","2","0.1","0.06"
"Nikola Moro","Croatia","L","43","2","1","2787","3","0.1","0.07"
"Kristijan Jakic","Croatia","L","29","2","1","1845","3","0.15","0.11"
"Petar Su?i?","Croatia","L","48","3","4","2380","7","0.26","0.14"
"Luka Sucic","Croatia","L","25","4","3","1131","7","0.56","0.28"
"Mario Pa?ali?","Croatia","L","45","10","8","2736","18","0.59","0.4"
"Luka Modri?","Croatia","L","38","2","3","2907","5","0.15","0.13"
"Martin Baturina","Croatia","L","33","8","4","1724","12","0.63","0.37"
"Lovro Majer","Croatia","L","28","4","5","1430","9","0.57","0.32"
"Nikola Vla?i?","Croatia","L","40","9","5","3231","14","0.39","0.35"
"Toni Fruk","Croatia","L","49","19","4","3511","23","0.59","0.47"
"Andrej Kramaric","Croatia","L","37","15","8","2396","23","0.86","0.62"
"Ivan Peri?i?","Croatia","L","43","8","14","3024","22","0.65","0.51"
"Marco Pa?ali?","Croatia","L","9","2","1","643","3","0.42","0.33"
"Igor Matanovic","Croatia","L","48","13","3","2415","16","0.6","0.34"
"Petar Musa","Croatia","L","12","10","2","888","12","1.22","1.0"
"Ante Budimir","Croatia","L","38","19","0","2803","19","0.61","0.5"
"Dean Henderson","England","L","47","0","0","4230","0","0.0","0.0"
"James Trafford","England","L","16","0","0","1440","0","0.0","0.0"
"Jordan Pickford","England","L","38","0","0","3450","0","0.0","0.0"
"Aaron Ramsdale","England","L","23","0","0","2023","0","0.0","0.0"
"Jason Steele","England","L","5","0","0","450","0","0.0","0.0"
"Marc Gu?hi","England","L","51","5","7","4335","12","0.25","0.24"
"Ezri Konsa","England","L","47","2","2","4073","4","0.09","0.09"
"Fikayo Tomori","England","L","36","0","3","2855","3","0.09","0.08"
"John Stones","England","L","17","0","0","1138","0","0.0","0.0"
"Harry Maguire","England","L","25","2","2","1628","4","0.22","0.16"
"Dan Burn","England","L","42","2","6","3279","8","0.22","0.19"
"Nico O'Reilly","England","L","51","9","6","3833","15","0.35","0.29"
"Lewis Hall","England","L","48","1","3","3226","4","0.11","0.08"
"Djed Spence","England","L","43","0","0","3067","0","0.0","0.0"
"Tino Livramento","England","L","28","0","1","1931","1","0.05","0.04"
"Ben White","England","L","31","2","2","1932","4","0.19","0.13"
"Adam Wharton","England","L","49","0","7","3719","7","0.17","0.14"
"James Garner","England","L","40","3","7","3532","10","0.25","0.25"
"Jordan Henderson","England","L","33","1","3","2054","4","0.18","0.12"
"Declan Rice","England","L","53","5","11","4225","16","0.34","0.3"
"Elliot Anderson","England","L","49","3","3","4082","6","0.13","0.12"
"Kobbie Mainoo","England","L","30","1","3","1673","4","0.22","0.14"
"Jude Bellingham","England","L","36","6","5","2441","11","0.41","0.31"
"Cole Palmer","England","L","33","10","3","2267","13","0.52","0.4"
"Phil Foden","England","L","48","10","5","2927","15","0.46","0.31"
"Morgan Rogers","England","L","54","13","10","4454","23","0.46","0.42"
"Anthony Gordon","England","L","48","17","5","3030","22","0.65","0.46"
"Marcus Rashford","England","L","49","13","14","2511","27","0.97","0.55"
"Harvey Barnes","England","L","55","15","5","3229","20","0.56","0.37"
"Bukayo Saka","England","L","47","12","8","3073","20","0.59","0.43"
"Noni Madueke","England","L","41","7","4","2165","11","0.46","0.27"
"Jarrod Bowen","England","L","42","10","11","3692","21","0.51","0.5"
"Harry Kane","England","L","48","55","7","3780","62","1.48","1.29"
"Dominic Solanke","England","L","22","6","0","1245","6","0.43","0.27"
"Dominic Calvert-Lewin","England","L","37","13","1","2740","14","0.46","0.38"
"Lucas Chevalier","France","I","26","0","0","2340","0","0.0","0.0"
"Mike Maignan","France","I","39","0","0","3476","0","0.0","0.0"
"Brice Samba","France","I","34","0","0","3060","0","0.0","0.0"
"Dayot Upamecano","France","I","40","2","3","3171","5","0.14","0.12"
"Ibrahima Konat?","France","I","50","2","0","4191","2","0.04","0.04"
"Maxence Lacroix","France","I","53","3","3","4633","6","0.12","0.12"
"Pierre Kalulu","France","I","48","2","7","4202","9","0.19","0.18"
"Theo Hern?ndez","France","I","42","9","5","3627","14","0.35","0.34"
"Lucas Hern?ndez","France","I","35","0","2","2010","2","0.09","0.06"
"Lucas Digne","France","I","0","0","0","0","0","0.0","0.0"
"Malo Gusto","France","I","48","3","5","3220","8","0.22","0.16"
"Aur?lien Tchouam?ni","France","I","47","2","2","3775","4","0.1","0.09"
"N'Golo Kant?","France","I","44","4","1","3729","5","0.12","0.11"
"Warren Za?re-Emery","France","I","55","3","6","4337","9","0.19","0.17"
"Eduardo Camavinga","France","I","41","2","1","2046","3","0.13","0.07"
"Adrien Rabiot","France","I","31","6","5","2730","11","0.36","0.35"
"Rayan Cherki","France","I","48","10","14","2750","24","0.79","0.5"
"Michael Olise","France","I","51","21","31","3908","52","1.2","1.02"
"D?sir? Dou?","France","I","40","14","10","2398","24","0.9","0.6"
"Maghnes Akliouche","France","I","43","7","12","3332","19","0.51","0.44"
"Kylian Mbapp?","France","I","43","42","6","3498","48","1.23","1.11"
"Ousmane Demb?l?","France","I","37","19","11","2036","30","1.33","0.81"
"Hugo Ekitik?","France","I","47","18","6","2965","24","0.73","0.51"
"Marcus Thuram","France","I","44","19","8","2856","27","0.85","0.61"
"Randal Kolo Muani","France","I","39","5","4","2054","9","0.39","0.23"
"Alexander N?bel","Germany","E","48","0","2","4337","2","0.04","0.04"
"Finn Dahmen","Germany","E","34","0","0","3016","0","0.0","0.0"
"Oliver Baumann","Germany","E","36","0","0","3227","0","0.0","0.0"
"Nico Schlotterbeck","Germany","E","38","5","2","3380","7","0.19","0.19"
"Malick Thiaw","Germany","E","51","5","1","4371","6","0.12","0.11"
"Jonathan Tah","Germany","E","48","4","2","3718","6","0.15","0.13"
"Waldemar Anton","Germany","E","43","3","0","3837","3","0.07","0.07"
"Antonio R?diger","Germany","E","25","1","0","2055","1","0.04","0.04"
"Nathaniel Brown","Germany","E","42","4","6","3432","10","0.26","0.24"
"David Raum","Germany","E","36","3","9","3035","12","0.36","0.34"
"Josha Vagnoman","Germany","E","39","2","4","2064","6","0.26","0.15"
"Angelo Stiller","Germany","E","52","2","10","4167","12","0.26","0.23"
"Joshua Kimmich","Germany","E","48","2","11","3983","13","0.29","0.27"
"Anton Stach","Germany","E","33","5","3","2347","8","0.31","0.24"
"Leon Goretzka","Germany","E","47","5","4","2329","9","0.35","0.19"
"Pascal Gro?","Germany","E","37","1","6","2395","7","0.26","0.19"
"Florian Wirtz","Germany","E","49","9","12","3614","21","0.52","0.43"
"Lennart Karl","Germany","E","41","12","7","2141","19","0.8","0.46"
"Kevin Schade","Germany","E","36","7","4","2833","11","0.35","0.31"
"Chris F?hrich","Germany","E","51","8","8","2472","16","0.58","0.31"
"Leroy San?","Germany","E","43","7","10","3311","17","0.46","0.39"
"Serge Gnabry","Germany","E","39","11","12","2176","23","0.95","0.59"
"Nick Woltemade","Germany","E","53","11","5","3147","16","0.46","0.3"
"Kai Havertz","Germany","E","22","6","4","943","10","0.95","0.45"
"Deniz Undav","Germany","E","45","26","13","3501","39","1.0","0.86"
"Bart Verbruggen","Netherlands","F","37","0","0","3285","0","0.0","0.0"
"Mark Flekken","Netherlands","F","34","0","0","3017","0","0.0","0.0"
"Justin Bijlow","Netherlands","F","15","0","0","1305","0","0.0","0.0"
"Micky van de Ven","Netherlands","F","44","7","1","3808","8","0.19","0.18"
"Jan Paul van Hecke","Netherlands","F","40","3","3","3300","6","0.16","0.15"
"Virgil van Dijk","Netherlands","F","55","7","3","4896","10","0.18","0.18"
"Nathan Ak?","Netherlands","F","30","0","0","1522","0","0.0","0.0"
"Stefan de Vrij","Netherlands","F","17","0","0","1092","0","0.0","0.0"
"Jorrel Hato","Netherlands","F","34","2","1","2028","3","0.13","0.09"
"Jeremie Frimpong","Netherlands","F","35","2","2","1791","4","0.2","0.11"
"Denzel Dumfries","Netherlands","F","28","5","2","1783","7","0.35","0.25"
"Lutsharel Geertruida","Netherlands","F","30","0","0","1758","0","0.0","0.0"
"Ryan Gravenberch","Netherlands","F","49","6","6","4064","12","0.27","0.25"
"Jerdy Schouten","Netherlands","F","42","1","2","3514","3","0.08","0.07"
"Teun Koopmeiners","Netherlands","F","44","2","2","2617","4","0.14","0.09"
"Tijjani Reijnders","Netherlands","F","46","8","8","2743","16","0.52","0.34"
"Kees Smit","Netherlands","F","51","5","11","4076","16","0.35","0.31"
"Quinten Timber","Netherlands","F","40","4","4","2981","8","0.24","0.2"
"Luciano Valente","Netherlands","F","42","3","8","3117","11","0.32","0.26"
"Xavi Simons","Netherlands","F","45","6","7","2846","13","0.41","0.29"
"Cody Gakpo","Netherlands","F","52","9","7","3559","16","0.4","0.3"
"Noa Lang","Netherlands","F","44","3","4","1916","7","0.33","0.16"
"Donyell Malen","Netherlands","F","48","19","5","2623","24","0.82","0.5"
"Brian Brobbey","Netherlands","F","33","7","1","1944","8","0.37","0.24"
"Wout Weghorst","Netherlands","F","32","8","4","1978","12","0.55","0.38"
"Egil Selvik","Norway","I","43","0","0","3780","0","0.0","0.0"
"?rjan Nyland","Norway","I","9","0","0","765","0","0.0","0.0"
"Viljar Myhra","Norway","I","23","0","0","2070","0","0.0","0.0"
"Kristoffer Ajer","Norway","I","32","0","2","2221","2","0.08","0.06"
"Torbj?rn Heggem","Norway","I","38","0","0","2947","0","0.0","0.0"
"Leo ?stig?rd","Norway","I","33","5","1","2745","6","0.2","0.18"
"Odin Bj?rtuft","Norway","I","26","1","0","2297","1","0.04","0.04"
"Henrik Falchener","Norway","I","14","1","1","1062","2","0.17","0.14"
"David M?ller Wolfe","Norway","I","27","2","4","1360","6","0.4","0.22"
"Fredrik Bj?rkan","Norway","I","25","1","3","1832","4","0.2","0.16"
"Julian Ryerson","Norway","I","44","0","17","3204","17","0.48","0.39"
"Marcus Pedersen","Norway","I","32","1","4","2301","5","0.2","0.16"
"Sander Berge","Norway","I","41","0","1","3149","1","0.03","0.03"
"Patrick Berg","Norway","I","29","0","4","2479","4","0.15","0.14"
"Kristian Thorstvedt","Norway","I","33","4","4","2370","8","0.3","0.24"
"Felix Horn Myhre","Norway","I","26","3","2","2122","5","0.21","0.19"
"Morten Thorsby","Norway","I","24","3","2","1360","5","0.33","0.21"
"Antonio Nusa","Norway","I","36","6","4","2420","10","0.37","0.28"
"Andreas Schjelderup","Norway","I","45","11","8","2612","19","0.65","0.42"
"Jens Petter Hauge","Norway","I","26","7","7","2058","14","0.61","0.54"
"Oscar Bobb","Norway","I","32","0","1","1595","1","0.06","0.03"
"Erling Haaland","Norway","I","51","37","7","3982","44","0.99","0.86"
"J?rgen Strand Larsen","Norway","I","46","10","3","2895","13","0.4","0.28"
"Alexander S?rloth","Norway","I","53","19","1","2786","20","0.65","0.38"
"Rui Silva","Portugal","K","46","0","0","4170","0","0.0","0.0"
"Jos? S?","Portugal","K","23","0","0","2065","0","0.0","0.0"
"Ricardo Velho","Portugal","K","26","0","0","2255","0","0.0","0.0"
"Gon?alo In?cio","Portugal","K","44","3","3","3783","6","0.14","0.13"
"Tom?s Ara?jo","Portugal","K","39","1","1","2705","2","0.07","0.05"
"Ant?nio Silva","Portugal","K","42","1","1","3116","2","0.06","0.05"
"Renato Veiga","Portugal","K","42","1","0","3282","1","0.03","0.03"
"Nuno Mendes","Portugal","K","42","6","7","2949","13","0.4","0.31"
"Matheus Nunes","Portugal","K","47","1","9","3777","10","0.24","0.21"
"Diogo Dalot","Portugal","K","37","1","3","2796","4","0.13","0.11"
"Jo?o Cancelo","Portugal","K","27","2","6","1793","8","0.4","0.3"
"Vitinha","Portugal","K","49","7","10","3928","17","0.39","0.35"
"R?ben Neves","Portugal","K","42","11","10","3538","21","0.53","0.5"
"Sam? Costa","Portugal","K","35","7","2","2658","9","0.3","0.25"
"Jo?o Neves","Portugal","K","35","7","4","2507","11","0.39","0.31"
"Mateus Fernandes","Portugal","K","44","5","5","3588","10","0.25","0.23"
"Bruno Fernandes","Portugal","K","37","8","23","3144","31","0.89","0.84"
"Francisco Trinc?o","Portugal","K","53","13","18","4357","31","0.64","0.58"
"Pedro Gon?alves","Portugal","K","38","15","8","2668","23","0.78","0.61"
"Ricardo Horta","Portugal","K","53","21","14","4042","35","0.78","0.66"
"Gon?alo Guedes","Portugal","K","39","9","8","2363","17","0.65","0.44"
"Pedro Neto","Portugal","K","51","10","8","3687","18","0.44","0.35"
"Francisco Concei??o","Portugal","K","41","4","4","2562","8","0.28","0.19"
"Jo?o F?lix","Portugal","K","46","27","18","3601","45","1.12","0.97"
"Gon?alo Ramos","Portugal","K","43","12","2","1657","14","0.76","0.33"
"Paulinho","Portugal","K","42","29","5","3148","34","0.97","0.81"
"Angus Gunn","Scotland","C","2","0","0","135","0","0.0","0.0"
"Liam Kelly","Scotland","C","4","0","0","315","0","0.0","0.0"
"Scott Bain","Scotland","C","40","0","0","3629","0","0.0","0.0"
"Scott McKenna","Scotland","C","42","2","3","3716","5","0.12","0.12"
"John Souttar","Scotland","C","38","0","0","3184","0","0.0","0.0"
"Dominic Hyam","Scotland","C","48","1","0","4372","1","0.02","0.02"
"Jack Hendry","Scotland","C","29","1","0","2498","1","0.04","0.04"
"Grant Hanley","Scotland","C","24","0","0","1934","0","0.0","0.0"
"Andrew Robertson","Scotland","C","37","3","2","2079","5","0.22","0.14"
"Kieran Tierney","Scotland","C","51","6","11","3696","17","0.41","0.33"
"Nathan Patterson","Scotland","C","11","0","0","555","0","0.0","0.0"
"Ross McCrorie","Scotland","C","42","3","6","2998","9","0.27","0.21"
"Anthony Ralston","Scotland","C","34","1","0","2016","1","0.04","0.03"
"Billy Gilmour","Scotland","C","20","1","0","909","1","0.1","0.05"
"Scott McTominay","Scotland","C","43","13","4","3547","17","0.43","0.39"
"Lewis Ferguson","Scotland","C","44","1","0","2799","1","0.03","0.02"
"John McGinn","Scotland","C","42","9","6","2843","15","0.47","0.35"
"Lennon Miller","Scotland","C","24","1","2","931","3","0.29","0.12"
"Ryan Christie","Scotland","C","29","2","0","1157","2","0.16","0.07"
"Andrew Irving","Scotland","C","20","0","3","918","3","0.29","0.15"
"Kenny McLean","Scotland","C","47","3","4","3855","7","0.16","0.15"
"Findlay Curtis","Scotland","C","36","5","3","1561","8","0.46","0.22"
"Tommy Conway","Scotland","C","51","13","5","3910","18","0.41","0.35"
"Ch? Adams","Scotland","C","35","7","3","2122","10","0.42","0.28"
"George Hirst","Scotland","C","46","11","4","2324","15","0.58","0.33"
"Lyndon Dykes","Scotland","C","45","5","4","2093","9","0.39","0.2"
"Joan Garc?a","Spain","H","44","0","0","3890","0","0.0","0.0"
"David Raya","Spain","H","49","0","0","4382","0","0.0","0.0"
"Unai Sim?n","Spain","H","44","0","0","3960","0","0.0","0.0"
"?lex Remiro","Spain","H","36","0","0","3240","0","0.0","0.0"
"Pau Cubars?","Spain","H","47","1","1","3909","2","0.05","0.05"
"Dean Huijsen","Spain","H","39","2","2","3018","4","0.12","0.1"
"Cristhian Mosquera","Spain","H","36","0","0","2074","0","0.0","0.0"
"Aymeric Laporte","Spain","H","28","0","2","2299","2","0.08","0.07"
"Marc Cucurella","Spain","H","48","1","4","3707","5","0.12","0.1"
"Alejandro Grimaldo","Spain","H","46","14","12","3995","26","0.59","0.57"
"Pedro Porro","Spain","H","45","2","6","3743","8","0.19","0.18"
"Marcos Llorente","Spain","H","47","4","6","3692","10","0.24","0.21"
"Mart?n Zubimendi","Spain","H","54","6","3","4152","9","0.2","0.17"
"Rodri","Spain","H","33","2","0","2152","2","0.08","0.06"
"Pedri","Spain","H","42","2","11","2976","13","0.39","0.31"
"Carlos Soler","Spain","H","37","4","3","2661","7","0.24","0.19"
"Pablo Fornals","Spain","H","50","7","8","3567","15","0.38","0.3"
"Ferm?n L?pez","Spain","H","48","13","18","3010","31","0.93","0.65"
"Dani Olmo","Spain","H","47","8","9","2697","17","0.57","0.36"
"?lex Baena","Spain","H","44","2","3","2191","5","0.21","0.12"
"V?ctor Mu?oz","Spain","H","37","7","5","2748","12","0.39","0.32"
"Ander Barrenetxea","Spain","H","33","4","5","1945","9","0.42","0.27"
"Lamine Yamal","Spain","H","47","24","18","3810","42","0.99","0.89"
"Y?remy Pino","Spain","H","51","5","5","3139","10","0.29","0.2"
"Ferran Torres","Spain","H","48","20","3","2593","23","0.8","0.48"
"Mikel Oyarzabal","Spain","H","37","19","3","3032","22","0.65","0.59"
"Borja Iglesias","Spain","H","47","17","3","2513","20","0.72","0.43"
"Melker Ellborg","Sweden","F","12","0","0","1080","0","0.0","0.0"
"Noel T?rnqvist","Sweden","F","0","0","0","0","0","0.0","0.0"
"Kristoffer Nordfeldt","Sweden","F","16","0","1","1440","1","0.06","0.06"
"Isak Hien","Sweden","F","38","1","0","2712","1","0.03","0.02"
"Victor Lindel?f","Sweden","F","26","0","1","1706","1","0.05","0.04"
"Gustaf Lagerbielke","Sweden","F","53","5","0","4415","5","0.1","0.09"
"Carl Starfelt","Sweden","F","33","1","0","2537","1","0.04","0.03"
"Eric Smith","Sweden","F","30","2","2","2593","4","0.14","0.13"
"Daniel Svensson","Sweden","F","46","4","2","3475","6","0.16","0.13"
"Gabriel Gudmundsson","Sweden","F","37","1","1","3103","2","0.06","0.06"
"Jesper Karlstr?m","Sweden","F","38","1","0","3334","1","0.03","0.03"
"Lucas Bergvall","Sweden","F","34","1","5","1490","6","0.36","0.18"
"Hugo Larsson","Sweden","F","34","2","3","2481","5","0.18","0.15"
"Yasin Ayari","Sweden","F","32","4","4","2165","8","0.33","0.25"
"Mattias Svanberg","Sweden","F","25","5","2","797","7","0.79","0.28"
"Besfort Zeneli","Sweden","F","13","3","5","589","8","1.22","0.61"
"Herman Johansson","Sweden","F","12","0","1","889","1","0.1","0.08"
"Elliot Stroud","Sweden","F","13","6","2","1139","8","0.63","0.61"
"Williot Swedberg","Sweden","F","41","9","6","1980","15","0.68","0.36"
"Taha Ali","Sweden","F","23","5","3","1485","8","0.48","0.34"
"Anthony Elanga","Sweden","F","49","4","2","2239","6","0.24","0.12"
"Roony Bardghji","Sweden","F","28","3","4","947","7","0.67","0.25"
"Benjamin Nygren","Sweden","F","56","20","10","3763","30","0.72","0.54"
"Gustav Lundgren","Sweden","F","3","1","0","182","1","0.49","0.33"
"Viktor Gy?keres","Sweden","F","53","25","3","3493","28","0.72","0.53"
"Gustaf Nilsson","Sweden","F","11","0","0","108","0","0.0","0.0"
"Gregor Kobel","Switzerland","B","47","0","0","4260","0","0.0","0.0"
"Marvin Keller","Switzerland","B","46","0","0","4140","0","0.0","0.0"
"Yvon Mvogo","Switzerland","B","30","0","0","2700","0","0.0","0.0"
"Manuel Akanji","Switzerland","B","46","2","0","3724","2","0.05","0.04"
"Luca Jaquez","Switzerland","B","24","1","1","1575","2","0.11","0.08"
"Nico Elvedi","Switzerland","B","37","2","1","3270","3","0.08","0.08"
"Aur?le Amenda","Switzerland","B","30","0","0","1882","0","0.0","0.0"
"Eray C?mert","Switzerland","B","20","2","0","1536","2","0.12","0.1"
"Miro Muheim","Switzerland","B","33","0","7","2802","7","0.22","0.21"
"Ricardo Rodr?guez","Switzerland","B","34","0","1","2332","1","0.04","0.03"
"Silvan Widmer","Switzerland","B","41","3","2","2556","5","0.18","0.12"
"Ardon Jashari","Switzerland","B","17","0","1","823","1","0.11","0.06"
"Denis Zakaria","Switzerland","B","33","2","3","2721","5","0.17","0.16"
"Granit Xhaka","Switzerland","B","35","1","7","2848","8","0.25","0.23"
"Johan Manzambi","Switzerland","B","46","7","8","3491","15","0.39","0.33"
"Djibril Sow","Switzerland","B","32","5","2","2036","7","0.31","0.22"
"Michel Aebischer","Switzerland","B","36","1","1","2910","2","0.06","0.05"
"Remo Freuler","Switzerland","B","39","1","2","2985","3","0.09","0.08"
"Vincent Sierro","Switzerland","B","28","1","0","2155","1","0.04","0.03"
"Jo?l Monteiro","Switzerland","B","42","8","5","2585","13","0.45","0.31"
"Alvyn Sanches","Switzerland","B","32","9","5","2063","14","0.61","0.44"
"Fabian Rieder","Switzerland","B","0","0","0","0","0","0.0","0.0"
"Noah Okafor","Switzerland","B","34","8","3","1976","11","0.5","0.32"
"Rub?n Vargas","Switzerland","B","24","3","5","1520","8","0.47","0.33"
"Dan Ndoye","Switzerland","B","39","3","2","2137","5","0.21","0.13"
"Breel Embolo","Switzerland","B","34","11","3","2103","14","0.6","0.41"
"U?urcan ?ak?r","T?rkiye","D","43","0","0","3878","0","0.0","0.0"
"Altay Bay?nd?r","T?rkiye","D","6","0","0","540","0","0.0","0.0"
"Muhammed ?engezer","T?rkiye","D","37","0","1","3330","1","0.03","0.03"
"Mert G?nok","T?rkiye","D","19","0","0","1645","0","0.0","0.0"
"Merih Demiral","T?rkiye","D","29","2","1","2368","3","0.11","0.1"
"Ozan Kabak","T?rkiye","D","27","4","0","1738","4","0.21","0.15"
"Abd?lkerim Bardakc?","T?rkiye","D","45","1","1","3819","2","0.05","0.05"
"Samet Akaydin","T?rkiye","D","30","4","2","2650","6","0.2","0.2"
"Ferdi Kad?o?lu","T?rkiye","D","42","2","0","3475","2","0.05","0.05"
"Eren Elmal?","T?rkiye","D","40","4","0","2196","4","0.16","0.1"
"Mustafa Eskihella?","T?rkiye","D","33","1","5","2710","6","0.2","0.18"
"Zeki ?elik","T?rkiye","D","43","1","4","3471","5","0.13","0.12"
"Mert M?ld?r","T?rkiye","D","41","1","2","2443","3","0.11","0.07"
"Hakan ?alhano?lu","T?rkiye","D","32","12","7","2310","19","0.74","0.59"
"?smail Y?ksek","T?rkiye","D","47","2","2","2868","4","0.13","0.09"
"Atakan Karazor","T?rkiye","D","44","2","1","3197","3","0.08","0.06"
"Salih ?zcan","T?rkiye","D","13","0","0","81","0","0.0","0.0"
"Kaan Ayhan","T?rkiye","D","27","0","0","715","0","0.0","0.0"
"Orkun K?k??","T?rkiye","D","41","9","10","3178","19","0.54","0.46"
"Arda G?ler","T?rkiye","D","52","6","15","3412","21","0.55","0.4"
"Kenan Y?ld?z","T?rkiye","D","47","11","10","3702","21","0.51","0.45"
"Bar?? Alper Y?lmaz","T?rkiye","D","50","12","15","3723","27","0.65","0.54"
"Kerem Akt?rko?lu","T?rkiye","D","49","15","8","3435","23","0.6","0.47"
"O?uz Ayd?n","T?rkiye","D","37","0","3","1209","3","0.22","0.08"
"Yunus Akg?n","T?rkiye","D","41","10","11","2405","21","0.79","0.51"
"?rfan Can Kahveci","T?rkiye","D","27","2","3","1570","5","0.29","0.19"
"Deniz G?l","T?rkiye","D","43","6","2","1679","8","0.43","0.19"
